-- MySQL dump 10.13  Distrib 8.0.19, for Win64 (x86_64)
--
-- Host: 149.50.139.91    Database: soderia
-- ------------------------------------------------------
-- Server version	8.0.41-0ubuntu0.22.04.1

/*!40101 SET @OLD_CHARACTER_SET_CLIENT=@@CHARACTER_SET_CLIENT */;
/*!40101 SET @OLD_CHARACTER_SET_RESULTS=@@CHARACTER_SET_RESULTS */;
/*!40101 SET @OLD_COLLATION_CONNECTION=@@COLLATION_CONNECTION */;
/*!50503 SET NAMES utf8mb4 */;
/*!40103 SET @OLD_TIME_ZONE=@@TIME_ZONE */;
/*!40103 SET TIME_ZONE='+00:00' */;
/*!40014 SET @OLD_UNIQUE_CHECKS=@@UNIQUE_CHECKS, UNIQUE_CHECKS=0 */;
/*!40014 SET @OLD_FOREIGN_KEY_CHECKS=@@FOREIGN_KEY_CHECKS, FOREIGN_KEY_CHECKS=0 */;
/*!40101 SET @OLD_SQL_MODE=@@SQL_MODE, SQL_MODE='NO_AUTO_VALUE_ON_ZERO' */;
/*!40111 SET @OLD_SQL_NOTES=@@SQL_NOTES, SQL_NOTES=0 */;

--
-- Table structure for table `carga_items`
--

DROP TABLE IF EXISTS `carga_items`;
/*!40101 SET @saved_cs_client     = @@character_set_client */;
/*!50503 SET character_set_client = utf8mb4 */;
CREATE TABLE `carga_items` (
  `id` int NOT NULL AUTO_INCREMENT,
  `carga_id` int NOT NULL,
  `producto_id` int NOT NULL,
  `cantidad` int NOT NULL,
  PRIMARY KEY (`id`),
  KEY `carga_id` (`carga_id`),
  KEY `producto_id` (`producto_id`),
  CONSTRAINT `carga_items_ibfk_1` FOREIGN KEY (`carga_id`) REFERENCES `cargas` (`id`) ON DELETE CASCADE,
  CONSTRAINT `carga_items_ibfk_2` FOREIGN KEY (`producto_id`) REFERENCES `productos` (`id`)
) ENGINE=InnoDB AUTO_INCREMENT=393 DEFAULT CHARSET=utf8mb4 COLLATE=utf8mb4_general_ci;
/*!40101 SET character_set_client = @saved_cs_client */;

--
-- Dumping data for table `carga_items`
--

LOCK TABLES `carga_items` WRITE;
/*!40000 ALTER TABLE `carga_items` DISABLE KEYS */;
INSERT INTO `carga_items` VALUES (140,58,8,11),(141,58,9,6),(142,58,11,210),(143,58,12,24),(146,60,8,4),(147,60,9,3),(148,60,11,36),(149,61,8,13),(150,61,9,7),(151,61,11,186),(152,61,12,24),(153,62,8,7),(154,62,9,3),(155,62,11,18),(156,63,8,8),(157,63,9,7),(158,63,11,180),(159,64,8,11),(160,64,9,7),(161,64,11,192),(162,64,12,24),(166,66,8,4),(167,66,9,2),(168,66,11,36),(169,67,8,8),(170,67,9,8),(171,67,11,234),(172,68,8,4),(173,68,9,2),(174,68,11,54),(175,69,8,13),(176,69,9,7),(177,69,11,186),(178,69,12,12),(179,70,8,4),(180,70,9,2),(181,70,11,36),(182,71,8,12),(183,71,9,7),(184,71,11,174),(185,71,12,12),(186,72,8,3),(187,72,9,3),(188,72,11,36),(189,73,8,7),(190,73,9,5),(191,73,11,192),(192,74,8,5),(193,74,9,2),(194,74,11,42),(195,75,8,3),(196,75,9,3),(197,75,11,6),(198,76,8,19),(199,76,9,6),(200,76,10,180),(201,77,8,27),(202,77,9,6),(203,77,10,66),(204,78,8,19),(205,78,9,3),(206,78,10,42),(207,79,8,25),(208,79,9,6),(209,79,10,132),(210,80,8,27),(211,80,9,7),(212,80,10,132),(213,81,8,27),(214,81,9,6),(215,81,10,90),(216,82,8,20),(217,82,9,3),(218,82,10,48),(219,83,8,25),(220,83,9,5),(221,83,10,132),(222,84,8,27),(223,84,9,6),(224,84,10,132),(225,85,8,27),(226,85,9,8),(227,85,10,102),(228,86,8,25),(229,86,9,6),(230,86,10,132),(231,87,8,27),(232,87,9,9),(233,87,10,126),(234,87,12,6),(235,88,8,27),(236,88,9,5),(237,88,10,48),(238,89,8,11),(239,89,9,7),(240,89,11,192),(241,89,12,24),(242,90,8,6),(243,90,9,4),(244,90,11,30),(245,91,8,59),(246,91,9,14),(247,91,11,252),(248,91,13,48),(249,92,8,23),(250,92,9,12),(251,92,11,162),(252,92,13,48),(253,93,8,32),(254,93,9,8),(255,93,10,78),(256,93,11,126),(257,94,8,29),(258,94,9,7),(259,94,10,12),(260,94,11,360),(261,94,13,36),(262,95,8,30),(263,95,9,17),(264,95,11,192),(265,95,13,90),(266,96,8,69),(267,96,9,10),(268,96,11,204),(269,96,13,30),(270,97,8,26),(271,97,9,7),(272,97,10,24),(273,97,11,150),(274,97,13,78),(275,98,8,8),(276,98,9,4),(277,98,11,78),(278,98,13,90),(279,99,8,20),(280,99,9,13),(281,99,11,102),(282,99,13,54),(283,100,8,23),(284,100,9,9),(285,100,10,12),(286,100,11,228),(287,100,13,48),(288,101,8,20),(289,101,9,8),(290,101,11,168),(291,101,13,48),(292,102,8,41),(293,102,9,10),(294,102,11,120),(295,102,13,90),(296,103,8,42),(297,103,9,6),(298,103,11,162),(299,103,13,54),(300,104,8,22),(301,104,9,4),(302,104,11,246),(303,104,13,60),(304,105,8,9),(305,105,9,7),(306,105,11,210),(307,106,8,24),(308,106,9,10),(309,106,11,276),(310,106,12,48),(311,107,8,6),(312,107,9,3),(313,107,11,42),(314,108,8,2),(315,109,8,31),(316,109,9,13),(317,109,11,240),(318,109,12,60),(319,110,8,10),(320,110,9,2),(321,111,8,21),(322,111,9,6),(323,111,10,60),(324,112,8,30),(325,112,9,9),(326,112,10,24),(327,112,11,270),(328,112,12,24),(329,113,8,22),(330,113,9,7),(331,113,11,216),(332,113,12,78),(333,114,8,22),(334,114,9,7),(335,114,11,216),(336,114,13,78),(337,115,8,26),(338,115,9,6),(339,115,10,132),(340,116,8,27),(341,116,9,6),(342,116,10,132),(343,117,8,27),(344,117,9,6),(345,117,10,90),(346,118,8,37),(347,118,9,12),(348,118,11,252),(349,118,12,30),(350,119,8,30),(351,119,9,11),(352,119,10,12),(353,119,11,324),(354,119,12,30),(355,120,8,30),(356,120,9,11),(357,120,10,12),(358,120,11,324),(359,120,13,30),(360,121,8,11),(361,121,9,7),(362,121,11,216),(363,121,12,24),(364,122,8,3),(365,122,9,3),(366,122,11,30),(367,122,18,2),(368,123,8,1),(369,124,8,7),(370,124,9,7),(371,124,11,186),(372,125,8,5),(373,125,11,36),(374,126,8,35),(375,126,9,13),(376,126,11,282),(377,126,12,84),(378,127,8,17),(379,127,9,3),(380,127,10,48),(381,128,8,32),(382,128,9,10),(383,128,10,24),(384,128,11,246),(385,128,12,54),(386,129,8,25),(387,129,9,6),(388,129,10,132),(389,130,8,22),(390,130,9,7),(391,130,11,240),(392,130,12,78);
/*!40000 ALTER TABLE `carga_items` ENABLE KEYS */;
UNLOCK TABLES;

--
-- Table structure for table `cargas`
--

DROP TABLE IF EXISTS `cargas`;
/*!40101 SET @saved_cs_client     = @@character_set_client */;
/*!50503 SET character_set_client = utf8mb4 */;
CREATE TABLE `cargas` (
  `id` int NOT NULL AUTO_INCREMENT,
  `repartidor_id` int NOT NULL,
  `fecha_carga` timestamp NOT NULL DEFAULT CURRENT_TIMESTAMP,
  `estado` enum('pendiente','completada','cancelada') COLLATE utf8mb4_unicode_ci DEFAULT 'pendiente',
  PRIMARY KEY (`id`),
  KEY `FK_repartidor_carga` (`repartidor_id`),
  CONSTRAINT `FK_repartidor_carga` FOREIGN KEY (`repartidor_id`) REFERENCES `repartidores` (`id`)
) ENGINE=InnoDB AUTO_INCREMENT=131 DEFAULT CHARSET=utf8mb4 COLLATE=utf8mb4_unicode_ci;
/*!40101 SET character_set_client = @saved_cs_client */;

--
-- Dumping data for table `cargas`
--

LOCK TABLES `cargas` WRITE;
/*!40000 ALTER TABLE `cargas` DISABLE KEYS */;
INSERT INTO `cargas` VALUES (58,4,'2025-04-17 21:29:28','completada'),(60,4,'2025-04-17 21:39:40','completada'),(61,4,'2025-04-17 21:42:26','completada'),(62,4,'2025-04-17 21:46:09','completada'),(63,4,'2025-04-17 21:48:21','completada'),(64,4,'2025-04-17 21:50:53','completada'),(66,4,'2025-04-17 21:54:53','completada'),(67,4,'2025-04-17 21:56:50','completada'),(68,4,'2025-04-17 21:59:16','completada'),(69,4,'2025-04-17 22:00:26','completada'),(70,4,'2025-04-17 22:02:22','completada'),(71,4,'2025-04-17 22:04:31','completada'),(72,4,'2025-04-17 22:08:16','completada'),(73,4,'2025-04-17 22:09:55','completada'),(74,4,'2025-04-17 22:11:27','completada'),(75,4,'2025-04-17 22:50:09','completada'),(76,3,'2025-04-23 19:09:58','completada'),(77,3,'2025-04-23 19:21:42','completada'),(78,3,'2025-04-23 19:23:13','completada'),(79,3,'2025-04-23 19:25:10','completada'),(80,3,'2025-04-23 19:26:57','completada'),(81,3,'2025-04-23 19:38:49','completada'),(82,3,'2025-04-23 19:41:40','completada'),(83,3,'2025-04-23 19:43:14','completada'),(84,3,'2025-04-23 19:44:24','completada'),(85,3,'2025-04-23 19:53:32','completada'),(86,3,'2025-04-23 19:54:43','completada'),(87,3,'2025-04-23 20:07:53','completada'),(88,3,'2025-04-23 20:22:32','completada'),(89,4,'2025-04-23 20:30:58','completada'),(90,4,'2025-04-23 20:38:35','completada'),(91,2,'2025-04-23 21:20:45','completada'),(92,2,'2025-04-23 21:28:34','completada'),(93,2,'2025-04-23 21:30:06','completada'),(94,2,'2025-04-23 21:31:17','completada'),(95,2,'2025-04-23 21:32:34','completada'),(96,2,'2025-04-23 21:33:49','completada'),(97,2,'2025-04-23 21:34:33','completada'),(98,2,'2025-04-23 21:35:42','completada'),(99,2,'2025-04-23 21:36:37','completada'),(100,2,'2025-04-23 21:37:37','completada'),(101,2,'2025-04-23 21:38:15','completada'),(102,2,'2025-04-23 21:38:52','completada'),(103,2,'2025-04-23 21:39:24','completada'),(104,2,'2025-04-23 21:40:02','completada'),(105,4,'2025-04-24 20:28:05','completada'),(106,2,'2025-04-24 20:39:01','completada'),(107,4,'2025-04-24 20:44:30','completada'),(108,4,'2025-04-24 22:28:42','completada'),(109,2,'2025-04-25 20:22:58','completada'),(110,2,'2025-04-25 22:26:57','completada'),(111,3,'2025-04-26 16:42:40','completada'),(112,2,'2025-04-28 18:58:10','completada'),(113,2,'2025-04-28 19:05:39','completada'),(114,2,'2025-04-28 19:13:24','completada'),(115,3,'2025-04-28 22:11:37','completada'),(116,3,'2025-04-30 22:39:06','completada'),(117,3,'2025-04-30 22:48:49','completada'),(118,2,'2025-04-30 23:48:13','completada'),(119,2,'2025-05-01 00:09:49','completada'),(120,2,'2025-05-02 18:41:26','completada'),(121,4,'2025-05-02 19:08:48','completada'),(122,4,'2025-05-02 19:12:35','completada'),(123,4,'2025-05-02 21:46:25','completada'),(124,4,'2025-05-02 21:47:31','completada'),(125,4,'2025-05-02 21:49:18','pendiente'),(126,2,'2025-05-02 23:29:32','completada'),(127,3,'2025-05-03 15:01:24','completada'),(128,2,'2025-05-03 19:36:29','completada'),(129,3,'2025-05-05 22:19:51','completada'),(130,2,'2025-05-05 22:25:00','completada');
/*!40000 ALTER TABLE `cargas` ENABLE KEYS */;
UNLOCK TABLES;

--
-- Table structure for table `clientes`
--

DROP TABLE IF EXISTS `clientes`;
/*!40101 SET @saved_cs_client     = @@character_set_client */;
/*!50503 SET character_set_client = utf8mb4 */;
CREATE TABLE `clientes` (
  `id` int NOT NULL AUTO_INCREMENT,
  `dni` varchar(20) COLLATE utf8mb4_unicode_ci DEFAULT NULL,
  `nombre` varchar(255) COLLATE utf8mb4_unicode_ci NOT NULL,
  `email` varchar(255) COLLATE utf8mb4_unicode_ci DEFAULT NULL,
  `telefono` varchar(20) COLLATE utf8mb4_unicode_ci DEFAULT NULL,
  `direccion` varchar(255) COLLATE utf8mb4_unicode_ci DEFAULT NULL,
  `zona` varchar(100) COLLATE utf8mb4_unicode_ci DEFAULT NULL,
  `fecha_alta` datetime DEFAULT CURRENT_TIMESTAMP,
  `estado` tinyint(1) DEFAULT '1',
  `repartidor` varchar(255) COLLATE utf8mb4_unicode_ci DEFAULT NULL,
  `dia_reparto` varchar(50) COLLATE utf8mb4_unicode_ci DEFAULT NULL,
  `zona_id` int DEFAULT NULL,
  PRIMARY KEY (`id`),
  KEY `fk_cliente_zona` (`zona_id`),
  CONSTRAINT `fk_cliente_zona` FOREIGN KEY (`zona_id`) REFERENCES `zonas` (`id`)
) ENGINE=InnoDB AUTO_INCREMENT=128 DEFAULT CHARSET=utf8mb4 COLLATE=utf8mb4_unicode_ci;
/*!40101 SET character_set_client = @saved_cs_client */;

--
-- Dumping data for table `clientes`
--

LOCK TABLES `clientes` WRITE;
/*!40000 ALTER TABLE `clientes` DISABLE KEYS */;
INSERT INTO `clientes` VALUES (27,'','sandra','fernandotadeos@gmail.com','3584820675','Av. Colón 1494','1','2025-02-10 20:27:27',1,'Gustavo Careaga','Jueves - Mañana',NULL),(28,'','Fernando Tadeo','fernandotadeos@gmail.com','03541222719','Av. Colón 1494','2','2025-02-11 17:14:41',1,'Axel Torres','Lunes - Mañana',NULL),(29,NULL,'SERGIO MAGALLANES',NULL,'3585180273','SADI CARNOT 1528',NULL,'2025-02-12 17:46:01',1,NULL,NULL,NULL),(30,NULL,'OSVALDO ACOSTA',NULL,'3584196864','LUIS REINAUDI 2934',NULL,'2025-02-12 17:49:01',1,NULL,NULL,NULL),(31,NULL,'CAROLINA PEÑALOZA',NULL,'35136361126','CALLE 9 598 GOLF',NULL,'2025-02-12 17:51:11',1,NULL,NULL,NULL),(32,NULL,'MIGUEL MILETT',NULL,'3584365796','CORONEL OLMEDO 2655',NULL,'2025-02-12 18:15:51',1,NULL,NULL,NULL),(33,NULL,'NANCY',NULL,'3585620596','TEJERINA NORTE 394','Villa Dalcar','2025-02-12 18:18:12',1,NULL,NULL,NULL),(34,NULL,'FRANCO',NULL,'3584018141','MAR CHIQUITA 645 -747',NULL,'2025-02-12 18:21:31',1,NULL,NULL,NULL),(35,NULL,'JUANITA CAREAGA',NULL,'3388526808','COLON 651 3P DRTO 4','Centro','2025-02-12 18:24:41',1,NULL,NULL,NULL),(36,NULL,'AGOSTINA ASENSI',NULL,'3584395347','BUENOS AIRES 208 1B','Centro','2025-02-12 18:27:07',1,NULL,NULL,NULL),(37,NULL,'DENISE CEBALLOS',NULL,'3584119396','JOSE BIASSI 897',NULL,'2025-02-12 18:30:03',1,NULL,NULL,NULL),(38,NULL,'VANESA LINGUA',NULL,'3584192757','SAN MARTIN 1030 DPTO 7F',NULL,'2025-02-12 18:31:51',1,NULL,NULL,NULL),(39,NULL,'DAMELYS HERNANDEZ',NULL,'3584205983','SAN JOSE DE CALASAN 921 1P D1H',NULL,'2025-02-12 18:34:49',1,NULL,NULL,NULL),(40,NULL,'ANA PAULA BURGOS',NULL,'3585093617','LUIS REINAUDI 1305',NULL,'2025-02-12 18:37:04',1,NULL,NULL,NULL),(41,NULL,'RUBEN CASTELLANOS',NULL,'3584196126','ALBERDI 1985',NULL,'2025-02-12 18:38:55',1,NULL,NULL,NULL),(42,NULL,'CARLOS MANUEL TELLERIA',NULL,'3582440787','AV PRESIDENTE PERON CENTRO 31  2A',NULL,'2025-02-12 18:42:05',1,NULL,NULL,NULL),(43,NULL,'GRISELDA BURGOS',NULL,'3584029498','LAVALLE 507',NULL,'2025-02-12 18:44:19',1,NULL,NULL,NULL),(44,NULL,'LAUTARO LOPEZ GARECA',NULL,'3518093487','NEWBERY 983 1A','Centro','2025-02-12 18:46:44',1,NULL,NULL,NULL),(45,NULL,'FACUNDO MIRANDA',NULL,'3585603513','RIVERA INDARTE 494','Alberdi','2025-02-14 17:24:54',1,NULL,NULL,NULL),(46,NULL,'LUCIA ISAGUIRRE ',NULL,'3585176665','LOPEZ COBO 1174',NULL,'2025-02-14 17:29:54',1,NULL,NULL,NULL),(47,NULL,'FLAVIA MAULETTI',NULL,' 3586001341','COSTA RICA 490','Banda Norte','2025-02-14 17:34:16',1,NULL,NULL,NULL),(48,NULL,'OSVALDO IVANI',NULL,'3584342835','MEXICO 763','Banda Norte','2025-02-14 17:36:42',1,NULL,NULL,NULL),(49,NULL,'MARCOS OSSANA',NULL,'3584393512','PASAJE CHASQUE 1533','Banda Norte','2025-02-14 17:38:06',1,NULL,NULL,NULL),(50,NULL,'ROBERS',NULL,'123','PAJE DARRAGUEIRA  1984',NULL,'2025-02-20 17:04:55',1,NULL,NULL,NULL),(51,NULL,'SILVIA GIACOMELLI',NULL,'123','PJE DARRAGUEIRA 1987',NULL,'2025-02-20 17:09:34',1,NULL,NULL,NULL),(52,NULL,'GODINO',NULL,'3585071773','SOLER 2069',NULL,'2025-02-20 17:13:01',1,NULL,NULL,NULL),(53,NULL,'PABLO FRANQUE',NULL,'3584129508','JUA B JUSTO 650',NULL,'2025-02-20 17:13:54',1,NULL,NULL,NULL),(54,NULL,'MARITA MORAL',NULL,'3584318798','JUA B JUSTO 643',NULL,'2025-02-20 17:15:40',1,NULL,NULL,NULL),(55,NULL,'MAURICIO LICOLINO',NULL,'3584903009','SUIPACHA Y CORONEL OLMEDO',NULL,'2025-02-20 17:17:02',1,NULL,NULL,NULL),(56,NULL,'OSCAR PUIG',NULL,'123','MAYPU 2010',NULL,'2025-02-20 17:18:15',1,NULL,NULL,NULL),(57,NULL,'MATTA NO',NULL,'3584332027    ','PJE DARRAGUEIRA 1938',NULL,'2025-02-20 17:20:13',1,NULL,NULL,NULL),(58,NULL,'OFELIA LISA',NULL,'3584190831','9 DE JULIO 1846',NULL,'2025-02-20 17:21:32',1,NULL,NULL,NULL),(59,NULL,'JORGE COMBA',NULL,'3584836615','ITUZAINGO 1828',NULL,'2025-02-20 17:22:32',1,NULL,NULL,NULL),(60,NULL,'CEJAS',NULL,'123','ITUZAINGO',NULL,'2025-02-20 17:24:25',1,NULL,NULL,NULL),(61,NULL,'NORMA PEREZ',NULL,'123','JERONIMO DEL BARCO 1924',NULL,'2025-02-20 17:25:37',1,NULL,NULL,NULL),(62,NULL,'RAUL BAIMA',NULL,'123','JERONIMO DEL BARCO',NULL,'2025-02-20 17:26:52',1,NULL,NULL,NULL),(63,NULL,'WALTER STROPPA',NULL,'3585042005','PERON 830  QUINIELA',NULL,'2025-02-20 17:28:50',1,NULL,NULL,NULL),(64,NULL,'RITA STROPPA',NULL,'123','PERON 830 /CASA FLIA',NULL,'2025-02-20 17:29:37',1,NULL,NULL,NULL),(65,NULL,'N N',NULL,'3584286272','MARIA OLGUIN',NULL,'2025-02-20 17:30:49',1,NULL,NULL,NULL),(66,NULL,'N N ',NULL,'123','MARIA OLGUIN',NULL,'2025-02-20 17:31:30',1,NULL,NULL,NULL),(67,NULL,'ORACIO GOMEZ',NULL,'3585068023','MARIA OLGUIN',NULL,'2025-02-20 17:32:17',1,NULL,NULL,NULL),(68,NULL,'NICOLAS LOMBARDI',NULL,'3584181263','SANTIAGO DEL ESTERO 1541',NULL,'2025-02-20 17:33:32',1,NULL,NULL,NULL),(69,NULL,'SUSANA GRASSI',NULL,'123','9 DE JULIO 1444',NULL,'2025-02-20 17:34:24',1,NULL,NULL,NULL),(70,NULL,'GRACIELA FANTINO',NULL,'3584260224','TABLADA534',NULL,'2025-02-20 17:35:07',1,NULL,NULL,NULL),(71,NULL,'SANTOMAURO',NULL,'123','MITRE  Y SAN REMY',NULL,'2025-02-20 17:36:14',1,NULL,NULL,NULL),(72,NULL,'GABRIELA SUCHI',NULL,'123','MITRE Y SAINT REMY',NULL,'2025-02-20 17:38:09',1,NULL,NULL,NULL),(73,NULL,'EMMANUEL LABARRE',NULL,'3584296433','TABLADA ',NULL,'2025-02-20 17:40:20',1,NULL,NULL,NULL),(74,NULL,'DANIEL GONZALEZ',NULL,'3585712216','PSJE DON BOSCO1123 DTO 2',NULL,'2025-02-21 17:10:12',1,NULL,NULL,NULL),(75,NULL,'SEBASTIAN LOMBARDO',NULL,'358562509','URQUIZA 340',NULL,'2025-02-26 20:43:56',1,NULL,NULL,NULL),(76,NULL,'NN',NULL,'123','URQUIZA',NULL,'2025-02-26 20:44:50',1,NULL,NULL,NULL),(77,NULL,'SOSA',NULL,'3584195568','MITRE 1636',NULL,'2025-02-26 20:46:49',1,NULL,NULL,NULL),(78,NULL,'CHECHER',NULL,'123','MITRE 1857',NULL,'2025-02-26 20:47:32',1,NULL,NULL,NULL),(79,NULL,'ROSANA RUFINO',NULL,'3584323823','SAIN REMY 240',NULL,'2025-02-26 20:48:41',1,NULL,NULL,NULL),(80,NULL,'MARTA GRECCO',NULL,'3584305288','SAIN REMY 229',NULL,'2025-02-26 20:50:13',1,NULL,NULL,NULL),(81,NULL,'FLORENCIA DICOLA',NULL,'3585144046','SAIN REMY 252',NULL,'2025-02-26 20:51:53',1,NULL,NULL,NULL),(82,NULL,'HOGAR RINCON DE LUZ',NULL,'123','ALVEAR 1548',NULL,'2025-02-26 20:53:19',1,NULL,NULL,NULL),(83,NULL,'RABIOLA',NULL,'123','SADIC CARNOT 433',NULL,'2025-02-26 20:54:28',1,NULL,NULL,NULL),(84,NULL,'ANA ',NULL,'123','ECHEVERRIA 657',NULL,'2025-02-26 20:55:13',1,NULL,NULL,NULL),(85,NULL,'NELSON ',NULL,'123','ECHEVERRIA 662',NULL,'2025-02-26 20:56:02',1,NULL,NULL,NULL),(86,NULL,'VICTOR GONZALEZ',NULL,'3585485688','9 DE JULIO 1255 4TO  E ',NULL,'2025-02-26 20:57:12',1,NULL,NULL,NULL),(87,NULL,'GRINGO BERNARDI',NULL,'3584184388','9 DE JULIO',NULL,'2025-02-26 20:58:06',1,NULL,NULL,NULL),(88,NULL,'FLAVIA LLORENT',NULL,'3586010090','MARIA OLGUIN 920',NULL,'2025-02-26 20:59:05',1,NULL,NULL,NULL),(89,NULL,'NN',NULL,'123','MARIA OLGUIN 715',NULL,'2025-02-26 20:59:40',1,NULL,NULL,NULL),(90,NULL,'GUSTAVO PEREYRA ',NULL,'3584018421','ESTADO DE ISRRAEL',NULL,'2025-02-26 21:00:40',1,NULL,NULL,NULL),(91,NULL,'LUCIA LEUCONA',NULL,'3584397382   ','GOUDAR 1256 TORRE J6',NULL,'2025-02-26 21:02:28',1,NULL,NULL,NULL),(92,NULL,'JOSE GONZALEZ',NULL,'2942 440709','PJE STEPHERSON 1245 PRIMER PISO DTO 8',NULL,'2025-02-26 21:04:03',1,NULL,NULL,NULL),(93,NULL,'YESICA',NULL,'3584343643','GOUDAR 1311 PLA BAJA DTO A ',NULL,'2025-02-26 21:05:26',1,NULL,NULL,NULL),(94,NULL,'TOBOSO PANADERIA ',NULL,'3586010212',NULL,NULL,'2025-02-26 21:06:39',1,NULL,NULL,NULL),(95,NULL,'LA TOSCANA PASTAS',NULL,'35837336135','SAIN REMY',NULL,'2025-02-26 21:10:07',1,NULL,NULL,NULL),(96,NULL,'ANA BIANCHI',NULL,'3584818029','MAIPU 735',NULL,'2025-02-26 21:11:15',1,NULL,NULL,NULL),(97,NULL,'NURIS TELLERIA',NULL,'3582436746','PRESIDENTE PERON 31 2 PISO DTO A ',NULL,'2025-02-26 21:12:46',1,NULL,NULL,NULL),(98,NULL,'CAPELLO',NULL,'123','REJIMIENTO 14 ',NULL,'2025-02-26 21:13:38',1,NULL,NULL,NULL),(99,NULL,'CLAUDIA JUAN ',NULL,'3585606873','REJIMIENTO 14 155',NULL,'2025-02-26 21:14:33',1,NULL,NULL,NULL),(100,NULL,'JUAN',NULL,'3584336305','REJIMIENTO 14 DTO A',NULL,'2025-02-26 21:15:53',1,NULL,NULL,NULL),(101,NULL,'MARCELO TRABUCCO',NULL,'3385442480','MANSILLA 180',NULL,'2025-02-26 21:17:00',1,NULL,NULL,NULL),(102,NULL,'LUCIA CIFRE ',NULL,'3585073225','HUMBERTO  PRIMO 54',NULL,'2025-02-26 21:18:03',1,NULL,NULL,NULL),(103,NULL,'NN',NULL,'123','SAAVEDRA 227',NULL,'2025-02-26 21:18:39',1,NULL,NULL,NULL),(104,NULL,'IRMA TORRES ',NULL,'3584696126','ALBERDI 1985',NULL,'2025-02-26 21:20:34',1,NULL,NULL,NULL),(105,NULL,'MARCELA SPATARO',NULL,'3584173992','KOWAL 483',NULL,'2025-02-26 21:22:32',1,NULL,NULL,NULL),(106,NULL,'WALTER ',NULL,'123','SARMIENTO',NULL,'2025-02-26 21:23:18',1,NULL,NULL,NULL),(107,NULL,'PEDRO',NULL,'123','KOWAL',NULL,'2025-02-26 21:23:47',1,NULL,NULL,NULL),(108,NULL,'DANIEL LUCERO',NULL,'123','MANSILLA 622',NULL,'2025-02-26 21:24:49',1,NULL,NULL,NULL),(109,NULL,'JUAN GONZALEZ',NULL,'2302662822','LAMADRID 1632',NULL,'2025-02-26 21:26:19',1,NULL,NULL,NULL),(110,NULL,'INSU RIO  INSUMOS GRAFICOS ',NULL,'3584641306','LAMADRID1632',NULL,'2025-02-26 21:27:11',1,NULL,NULL,NULL),(111,NULL,'NN',NULL,'123','LAMADRID 1632',NULL,'2025-02-26 21:28:16',1,NULL,NULL,NULL),(112,NULL,'NN',NULL,'123','LAMADRID 1632',NULL,'2025-02-26 21:28:42',1,NULL,NULL,NULL),(113,NULL,'MARILIN URQUIZA',NULL,'3586544736','PEDERNERA 648',NULL,'2025-02-26 21:29:37',1,NULL,NULL,NULL),(114,NULL,'LAUREANA TELLERIA',NULL,'2302447131','HUMBERTO PRIMO 216 3 C',NULL,'2025-02-26 21:30:46',1,NULL,NULL,NULL),(115,NULL,'NATALIA POLLO',NULL,'3585126639','LAS HERAS 1177',NULL,'2025-02-26 21:31:50',1,NULL,NULL,NULL),(116,NULL,'LAURA BILBAO',NULL,'01134304436','BAIGORRIA 257',NULL,'2025-02-26 21:32:57',1,NULL,NULL,NULL),(117,NULL,'MAYRA PAPURELIO ',NULL,'3584111710','BELGRANO 304',NULL,'2025-02-26 21:34:19',1,NULL,NULL,NULL),(118,NULL,'HERNAN ROMERO ',NULL,'3584371458','BELGRANO 1042',NULL,'2025-02-26 21:35:20',1,NULL,NULL,NULL),(119,NULL,'DANIELA WUALTIERI',NULL,'3584900636','LAS HERAS  739',NULL,'2025-02-26 21:37:03',1,NULL,NULL,NULL),(120,NULL,'ANA BALANYERO',NULL,'3585609320','LAS HERAS ',NULL,'2025-02-26 21:38:29',1,NULL,NULL,NULL),(121,NULL,'ULISES ',NULL,'3586019805','LAS HERAS 756',NULL,'2025-02-26 21:39:16',1,NULL,NULL,NULL),(122,NULL,'MAGALLANES SERGIO',NULL,'155180273','1528',NULL,'2025-03-14 18:24:47',1,NULL,NULL,NULL),(123,NULL,'JULIO ROMERO',NULL,'3585071013','LEOPOLDO LUGONES 1613',NULL,'2025-03-14 18:27:16',1,NULL,NULL,NULL),(124,NULL,'JOSE VERITIER',NULL,'123','EGIDIO SOSA 259',NULL,'2025-03-14 18:28:11',1,NULL,NULL,NULL),(125,NULL,'MARCELA BERARDI',NULL,'3584867025','FRANCISCO PERCELLO 963',NULL,'2025-03-14 18:31:12',1,NULL,NULL,NULL),(126,NULL,'VALENTINA PONSO',NULL,'3584028531','LLAY LLAY 442',NULL,'2025-03-14 18:33:44',1,NULL,NULL,NULL);
/*!40000 ALTER TABLE `clientes` ENABLE KEYS */;
UNLOCK TABLES;

--
-- Table structure for table `descarga`
--

DROP TABLE IF EXISTS `descarga`;
/*!40101 SET @saved_cs_client     = @@character_set_client */;
/*!50503 SET character_set_client = utf8mb4 */;
CREATE TABLE `descarga` (
  `id` int NOT NULL AUTO_INCREMENT,
  `repartidor_id` int DEFAULT NULL,
  `carga_id` int DEFAULT NULL,
  `productos_devueltos` longtext CHARACTER SET utf8mb4 COLLATE utf8mb4_bin,
  `productos_vendidos` int NOT NULL,
  `envases_recuperados` int DEFAULT '0',
  `deficit_envases` int DEFAULT '0',
  `monto_total` decimal(10,2) DEFAULT '0.00',
  `observaciones` varchar(255) COLLATE utf8mb4_general_ci DEFAULT NULL,
  `fecha_descarga` timestamp NOT NULL DEFAULT CURRENT_TIMESTAMP,
  `estado_cuenta` enum('pendiente','finalizado') COLLATE utf8mb4_general_ci DEFAULT 'pendiente',
  `ganancia_repartidor` decimal(10,2) DEFAULT NULL,
  `ganancia_empresa` decimal(10,2) DEFAULT NULL,
  `porcentaje_repartidor` int DEFAULT NULL,
  `porcentaje_empresa` int DEFAULT NULL,
  PRIMARY KEY (`id`),
  KEY `carga_id` (`carga_id`),
  KEY `descarga_repartidor_fk` (`repartidor_id`),
  CONSTRAINT `descarga_ibfk_2` FOREIGN KEY (`carga_id`) REFERENCES `cargas` (`id`),
  CONSTRAINT `descarga_repartidor_fk` FOREIGN KEY (`repartidor_id`) REFERENCES `repartidores` (`id`),
  CONSTRAINT `descarga_chk_1` CHECK (json_valid(`productos_devueltos`))
) ENGINE=InnoDB AUTO_INCREMENT=125 DEFAULT CHARSET=utf8mb4 COLLATE=utf8mb4_general_ci;
/*!40101 SET character_set_client = @saved_cs_client */;

--
-- Dumping data for table `descarga`
--

LOCK TABLES `descarga` WRITE;
/*!40000 ALTER TABLE `descarga` DISABLE KEYS */;
INSERT INTO `descarga` VALUES (54,4,58,'[{\"producto_id\":8,\"cantidad\":9},{\"producto_id\":11,\"cantidad\":32}]',210,0,0,0.00,'Descarga de productos de David Schenatti','2025-04-17 21:34:30','finalizado',NULL,NULL,NULL,NULL),(55,4,60,'[{\"producto_id\":9,\"cantidad\":1},{\"producto_id\":11,\"cantidad\":7}]',35,0,0,0.00,'Descarga de productos de David Schenatti','2025-04-17 21:40:13','finalizado',NULL,NULL,NULL,NULL),(56,4,61,'[{\"producto_id\":9,\"cantidad\":3},{\"producto_id\":11,\"cantidad\":92},{\"producto_id\":12,\"cantidad\":1}]',134,0,0,0.00,'Descarga de productos de David Schenatti','2025-04-17 21:43:43','finalizado',NULL,NULL,NULL,NULL),(57,4,62,'[{\"producto_id\":8,\"cantidad\":5}]',23,0,0,0.00,'Descarga de productos de David Schenatti','2025-04-17 21:46:58','finalizado',NULL,NULL,NULL,NULL),(58,4,63,'[{\"producto_id\":8,\"cantidad\":5},{\"producto_id\":9,\"cantidad\":4},{\"producto_id\":11,\"cantidad\":44}]',142,0,0,0.00,'Descarga de productos de David Schenatti','2025-04-17 21:49:08','finalizado',NULL,NULL,NULL,NULL),(59,4,64,'[{\"producto_id\":8,\"cantidad\":4},{\"producto_id\":9,\"cantidad\":1},{\"producto_id\":11,\"cantidad\":78},{\"producto_id\":12,\"cantidad\":6}]',145,0,0,0.00,'Descarga de productos de David Schenatti','2025-04-17 21:51:47','finalizado',NULL,NULL,NULL,NULL),(60,4,66,'[{\"producto_id\":8,\"cantidad\":3},{\"producto_id\":11,\"cantidad\":36}]',3,0,0,0.00,'Descarga de productos de David Schenatti','2025-04-17 21:55:24','finalizado',NULL,NULL,NULL,NULL),(61,4,67,'[{\"producto_id\":8,\"cantidad\":4},{\"producto_id\":9,\"cantidad\":2},{\"producto_id\":11,\"cantidad\":108}]',136,0,0,0.00,'Descarga de productos de David Schenatti','2025-04-17 21:57:34','finalizado',NULL,NULL,NULL,NULL),(62,4,68,'[{\"producto_id\":8,\"cantidad\":2},{\"producto_id\":9,\"cantidad\":2},{\"producto_id\":11,\"cantidad\":48}]',8,0,0,0.00,'Descarga de productos de David Schenatti','2025-04-17 21:59:39','finalizado',NULL,NULL,NULL,NULL),(63,4,69,'[{\"producto_id\":9,\"cantidad\":2},{\"producto_id\":11,\"cantidad\":67},{\"producto_id\":12,\"cantidad\":6}]',143,0,0,0.00,'Descarga de productos de David Schenatti','2025-04-17 22:01:08','finalizado',NULL,NULL,NULL,NULL),(64,4,70,'[{\"producto_id\":8,\"cantidad\":2},{\"producto_id\":9,\"cantidad\":2},{\"producto_id\":11,\"cantidad\":30}]',8,0,0,0.00,'Descarga de productos de David Schenatti','2025-04-17 22:02:58','finalizado',NULL,NULL,NULL,NULL),(65,4,71,'[{\"producto_id\":8,\"cantidad\":3},{\"producto_id\":9,\"cantidad\":3},{\"producto_id\":11,\"cantidad\":120},{\"producto_id\":12,\"cantidad\":12}]',67,0,0,0.00,'Descarga de productos de David Schenatti','2025-04-17 22:06:25','finalizado',NULL,NULL,NULL,NULL),(66,4,72,'[{\"producto_id\":8,\"cantidad\":1},{\"producto_id\":9,\"cantidad\":2},{\"producto_id\":11,\"cantidad\":18}]',21,0,0,0.00,'Descarga de productos de David Schenatti','2025-04-17 22:08:44','finalizado',NULL,NULL,NULL,NULL),(67,4,73,'[{\"producto_id\":8,\"cantidad\":2},{\"producto_id\":9,\"cantidad\":1},{\"producto_id\":11,\"cantidad\":102}]',99,0,0,0.00,'Descarga de productos de David Schenatti','2025-04-17 22:10:27','finalizado',NULL,NULL,NULL,NULL),(68,4,75,'[]',12,0,0,0.00,'Descarga de productos de David Schenatti','2025-04-17 22:50:38','finalizado',NULL,NULL,NULL,NULL),(69,3,76,'[{\"producto_id\":8,\"cantidad\":9},{\"producto_id\":9,\"cantidad\":1},{\"producto_id\":10,\"cantidad\":126}]',69,0,0,0.00,'Descarga de productos de Axel Torres ','2025-04-23 19:12:33','finalizado',NULL,NULL,NULL,NULL),(70,3,77,'[{\"producto_id\":8,\"cantidad\":5},{\"producto_id\":9,\"cantidad\":3},{\"producto_id\":10,\"cantidad\":6}]',85,0,0,0.00,'Descarga de productos de Axel Torres ','2025-04-23 19:22:23','finalizado',NULL,NULL,NULL,NULL),(71,3,78,'[{\"producto_id\":8,\"cantidad\":9},{\"producto_id\":9,\"cantidad\":2},{\"producto_id\":10,\"cantidad\":21}]',32,0,0,0.00,'Descarga de productos de Axel Torres ','2025-04-23 19:24:03','finalizado',NULL,NULL,NULL,NULL),(72,3,79,'[{\"producto_id\":8,\"cantidad\":3},{\"producto_id\":9,\"cantidad\":3},{\"producto_id\":10,\"cantidad\":42}]',115,0,0,0.00,'Descarga de productos de Axel Torres ','2025-04-23 19:25:59','finalizado',NULL,NULL,NULL,NULL),(73,3,80,'[{\"producto_id\":8,\"cantidad\":17},{\"producto_id\":9,\"cantidad\":4},{\"producto_id\":10,\"cantidad\":62}]',83,0,0,0.00,'Descarga de productos de Axel Torres ','2025-04-23 19:28:00','finalizado',NULL,NULL,NULL,NULL),(74,3,81,'[{\"producto_id\":8,\"cantidad\":2},{\"producto_id\":9,\"cantidad\":3},{\"producto_id\":10,\"cantidad\":60}]',58,0,0,0.00,'Descarga de productos de Axel Torres ','2025-04-23 19:41:00','finalizado',NULL,NULL,NULL,NULL),(75,3,82,'[{\"producto_id\":9,\"cantidad\":3},{\"producto_id\":10,\"cantidad\":25}]',43,0,0,0.00,'Descarga de productos de Axel Torres ','2025-04-23 19:42:26','finalizado',NULL,NULL,NULL,NULL),(76,3,83,'[{\"producto_id\":8,\"cantidad\":9},{\"producto_id\":9,\"cantidad\":3},{\"producto_id\":10,\"cantidad\":40}]',110,0,0,0.00,'Descarga de productos de Axel Torres ','2025-04-23 19:43:53','finalizado',NULL,NULL,NULL,NULL),(77,3,84,'[{\"producto_id\":8,\"cantidad\":15},{\"producto_id\":9,\"cantidad\":1},{\"producto_id\":10,\"cantidad\":48}]',101,0,0,0.00,'Descarga de productos de Axel Torres ','2025-04-23 19:52:47','finalizado',NULL,NULL,NULL,NULL),(79,3,85,'[{\"producto_id\":8,\"cantidad\":7},{\"producto_id\":10,\"cantidad\":42}]',88,0,0,0.00,'Descarga de productos de Axel Torres ','2025-04-23 19:54:19','finalizado',NULL,NULL,NULL,NULL),(80,3,86,'[{\"producto_id\":8,\"cantidad\":1},{\"producto_id\":9,\"cantidad\":3},{\"producto_id\":10,\"cantidad\":43}]',116,0,0,0.00,'Descarga de productos de Axel Torres ','2025-04-23 19:55:22','finalizado',NULL,NULL,NULL,NULL),(81,3,87,'[{\"producto_id\":8,\"cantidad\":16},{\"producto_id\":9,\"cantidad\":5},{\"producto_id\":10,\"cantidad\":49},{\"producto_id\":12,\"cantidad\":3}]',95,0,0,0.00,'Descarga de productos de Axel Torres ','2025-04-23 20:16:35','finalizado',NULL,NULL,NULL,NULL),(82,3,88,'[{\"producto_id\":8,\"cantidad\":8},{\"producto_id\":10,\"cantidad\":1}]',71,0,0,0.00,'Descarga de productos de Axel Torres ','2025-04-23 20:24:07','finalizado',NULL,NULL,NULL,NULL),(83,4,74,'[{\"producto_id\":8,\"cantidad\":4},{\"producto_id\":9,\"cantidad\":1},{\"producto_id\":11,\"cantidad\":30}]',14,0,0,0.00,'Descarga de productos de David Schenatti','2025-04-23 20:28:32','finalizado',NULL,NULL,NULL,NULL),(84,4,89,'[{\"producto_id\":9,\"cantidad\":3},{\"producto_id\":11,\"cantidad\":30},{\"producto_id\":12,\"cantidad\":6}]',195,0,0,0.00,'Descarga de productos de David Schenatti','2025-04-23 20:37:20','finalizado',NULL,NULL,NULL,NULL),(85,2,91,'[]',373,0,0,0.00,'Descarga de productos de Gustavo Careaga','2025-04-23 21:21:08','pendiente',NULL,NULL,NULL,NULL),(86,2,104,'[]',332,0,0,0.00,'Descarga de productos de Gustavo Careaga','2025-04-23 21:40:44','pendiente',NULL,NULL,NULL,NULL),(87,2,103,'[]',264,0,0,0.00,'Descarga de productos de Gustavo Careaga','2025-04-23 21:41:41','pendiente',NULL,NULL,NULL,NULL),(88,2,102,'[]',261,0,0,0.00,'Descarga de productos de Gustavo Careaga','2025-04-23 21:42:23','pendiente',NULL,NULL,NULL,NULL),(89,2,101,'[]',244,0,0,0.00,'Descarga de productos de Gustavo Careaga','2025-04-23 21:42:45','pendiente',NULL,NULL,NULL,NULL),(90,2,100,'[]',320,0,0,0.00,'Descarga de productos de Gustavo Careaga','2025-04-23 21:43:19','pendiente',NULL,NULL,NULL,NULL),(91,2,99,'[]',189,0,0,0.00,'Descarga de productos de Gustavo Careaga','2025-04-23 21:43:47','pendiente',NULL,NULL,NULL,NULL),(92,2,98,'[]',180,0,0,0.00,'Descarga de productos de Gustavo Careaga','2025-04-23 21:44:09','pendiente',NULL,NULL,NULL,NULL),(93,2,97,'[]',285,0,0,0.00,'Descarga de productos de Gustavo Careaga','2025-04-23 21:44:30','pendiente',NULL,NULL,NULL,NULL),(94,2,96,'[]',313,0,0,0.00,'Descarga de productos de Gustavo Careaga','2025-04-23 21:44:54','pendiente',NULL,NULL,NULL,NULL),(95,2,95,'[]',329,0,0,0.00,'Descarga de productos de Gustavo Careaga','2025-04-23 21:45:18','pendiente',NULL,NULL,NULL,NULL),(96,2,94,'[]',444,0,0,0.00,'Descarga de productos de Gustavo Careaga','2025-04-23 21:45:48','pendiente',NULL,NULL,NULL,NULL),(97,2,93,'[]',244,0,0,0.00,'Descarga de productos de Gustavo Careaga','2025-04-23 21:46:14','pendiente',NULL,NULL,NULL,NULL),(98,2,92,'[]',245,0,0,0.00,'Descarga de productos de Gustavo Careaga','2025-04-23 21:46:39','finalizado',NULL,NULL,NULL,NULL),(99,4,105,'[{\"producto_id\":8,\"cantidad\":6},{\"producto_id\":9,\"cantidad\":3},{\"producto_id\":11,\"cantidad\":120}]',97,0,0,0.00,'Descarga de productos de David Schenatti','2025-04-24 20:31:06','finalizado',NULL,NULL,NULL,NULL),(100,2,106,'[{\"producto_id\":8,\"cantidad\":9},{\"producto_id\":9,\"cantidad\":2},{\"producto_id\":11,\"cantidad\":126},{\"producto_id\":12,\"cantidad\":30}]',191,0,0,0.00,'Descarga de productos de Gustavo Careaga','2025-04-24 20:41:55','finalizado',NULL,NULL,NULL,NULL),(101,4,90,'[{\"producto_id\":9,\"cantidad\":3},{\"producto_id\":11,\"cantidad\":24}]',13,0,0,0.00,'Descarga de productos de David Schenatti','2025-04-24 22:28:10','finalizado',NULL,NULL,NULL,NULL),(102,4,108,'[]',2,0,0,0.00,'Descarga de productos de David Schenatti','2025-04-24 22:29:04','finalizado',NULL,NULL,NULL,NULL),(103,2,109,'[{\"producto_id\":9,\"cantidad\":1},{\"producto_id\":11,\"cantidad\":60}]',283,0,0,0.00,'Descarga de productos de Gustavo Careaga','2025-04-25 20:26:15','finalizado',NULL,NULL,NULL,NULL),(104,2,110,'[{\"producto_id\":8,\"cantidad\":6}]',6,0,0,0.00,'Descarga de productos de Gustavo Careaga','2025-04-25 22:28:03','finalizado',NULL,NULL,NULL,NULL),(105,3,111,'[{\"producto_id\":9,\"cantidad\":2},{\"producto_id\":10,\"cantidad\":16}]',69,0,0,0.00,'Descarga de productos de Axel Torres ','2025-04-26 16:47:24','finalizado',NULL,NULL,NULL,NULL),(106,2,112,'[{\"producto_id\":8,\"cantidad\":5},{\"producto_id\":9,\"cantidad\":8},{\"producto_id\":10,\"cantidad\":24},{\"producto_id\":11,\"cantidad\":132}]',188,0,0,0.00,'Descarga de productos de Gustavo Careaga','2025-04-28 19:01:13','finalizado',NULL,NULL,NULL,NULL),(108,2,114,'[{\"producto_id\":8,\"cantidad\":11},{\"producto_id\":9,\"cantidad\":5},{\"producto_id\":11,\"cantidad\":156},{\"producto_id\":13,\"cantidad\":30}]',121,0,0,0.00,'Descarga de productos de Gustavo Careaga','2025-04-28 19:14:55','finalizado',NULL,NULL,NULL,NULL),(109,3,115,'[{\"producto_id\":8,\"cantidad\":2},{\"producto_id\":9,\"cantidad\":3},{\"producto_id\":10,\"cantidad\":13}]',146,0,0,0.00,'Descarga de productos de Axel Torres ','2025-04-28 22:12:48','finalizado',NULL,NULL,NULL,NULL),(110,3,116,'[{\"producto_id\":8,\"cantidad\":10},{\"producto_id\":9,\"cantidad\":5},{\"producto_id\":10,\"cantidad\":49}]',101,0,0,0.00,'Descarga de productos de Axel Torres ','2025-04-30 22:41:01','finalizado',NULL,NULL,NULL,NULL),(111,3,117,'[{\"producto_id\":8,\"cantidad\":4},{\"producto_id\":9,\"cantidad\":2},{\"producto_id\":10,\"cantidad\":18}]',99,0,0,0.00,'Descarga de productos de Axel Torres ','2025-04-30 22:49:45','finalizado',NULL,NULL,NULL,NULL),(112,2,118,'[{\"producto_id\":8,\"cantidad\":6},{\"producto_id\":11,\"cantidad\":120}]',205,0,0,0.00,'Descarga de productos de Gustavo Careaga','2025-04-30 23:49:47','finalizado',NULL,NULL,NULL,NULL),(114,2,120,'[{\"producto_id\":8,\"cantidad\":4},{\"producto_id\":10,\"cantidad\":6},{\"producto_id\":11,\"cantidad\":102}]',295,0,0,0.00,'Descarga de productos de Gustavo Careaga','2025-05-02 18:42:20','finalizado',NULL,NULL,NULL,NULL),(115,4,121,'[{\"producto_id\":8,\"cantidad\":3},{\"producto_id\":9,\"cantidad\":5},{\"producto_id\":11,\"cantidad\":48},{\"producto_id\":12,\"cantidad\":12}]',190,0,0,0.00,'Descarga de productos de David Schenatti','2025-05-02 19:10:54','finalizado',NULL,NULL,NULL,NULL),(116,4,107,'[{\"producto_id\":11,\"cantidad\":18}]',33,0,0,0.00,'Descarga de productos de David Schenatti','2025-05-02 19:11:22','finalizado',NULL,NULL,NULL,NULL),(117,4,122,'[{\"producto_id\":8,\"cantidad\":3},{\"producto_id\":11,\"cantidad\":24}]',11,0,0,0.00,'Descarga de productos de David Schenatti','2025-05-02 19:18:06','finalizado',NULL,NULL,NULL,NULL),(118,4,123,'[]',1,0,0,0.00,'Descarga de productos de David Schenatti','2025-05-02 21:46:46','finalizado',NULL,NULL,NULL,NULL),(119,4,124,'[{\"producto_id\":8,\"cantidad\":5},{\"producto_id\":11,\"cantidad\":60}]',135,0,0,0.00,'Descarga de productos de David Schenatti','2025-05-02 21:48:21','finalizado',NULL,NULL,NULL,NULL),(120,2,126,'[{\"producto_id\":8,\"cantidad\":3},{\"producto_id\":11,\"cantidad\":138}]',273,0,0,0.00,'Descarga de productos de Gustavo Careaga','2025-05-02 23:30:51','finalizado',NULL,NULL,NULL,NULL),(121,3,127,'[{\"producto_id\":8,\"cantidad\":5},{\"producto_id\":9,\"cantidad\":3},{\"producto_id\":10,\"cantidad\":38}]',22,0,0,0.00,'Descarga de productos de Axel Torres ','2025-05-03 15:02:31','finalizado',NULL,NULL,NULL,NULL),(122,2,128,'[{\"producto_id\":8,\"cantidad\":4},{\"producto_id\":9,\"cantidad\":4},{\"producto_id\":10,\"cantidad\":24},{\"producto_id\":11,\"cantidad\":108},{\"producto_id\":12,\"cantidad\":12}]',214,0,0,0.00,'Descarga de productos de Gustavo Careaga','2025-05-03 19:38:16','finalizado',NULL,NULL,NULL,NULL),(123,3,129,'[{\"producto_id\":8,\"cantidad\":11},{\"producto_id\":9,\"cantidad\":2},{\"producto_id\":10,\"cantidad\":36}]',114,0,0,0.00,'Descarga de productos de Axel Torres ','2025-05-05 22:21:16','finalizado',NULL,NULL,NULL,NULL),(124,2,130,'[{\"producto_id\":8,\"cantidad\":3},{\"producto_id\":9,\"cantidad\":2},{\"producto_id\":11,\"cantidad\":156},{\"producto_id\":12,\"cantidad\":12}]',174,0,0,0.00,'Descarga de productos de Gustavo Careaga','2025-05-05 22:26:08','finalizado',NULL,NULL,NULL,NULL);
/*!40000 ALTER TABLE `descarga` ENABLE KEYS */;
UNLOCK TABLES;

--
-- Table structure for table `descarga_envases`
--

DROP TABLE IF EXISTS `descarga_envases`;
/*!40101 SET @saved_cs_client     = @@character_set_client */;
/*!50503 SET character_set_client = utf8mb4 */;
CREATE TABLE `descarga_envases` (
  `id` int NOT NULL AUTO_INCREMENT,
  `descarga_id` int NOT NULL,
  `producto_id` int NOT NULL,
  `envases_recuperados` int NOT NULL,
  `deficit_envases` int NOT NULL,
  PRIMARY KEY (`id`),
  KEY `descarga_id` (`descarga_id`),
  KEY `producto_id` (`producto_id`),
  CONSTRAINT `descarga_envases_ibfk_1` FOREIGN KEY (`descarga_id`) REFERENCES `descarga` (`id`) ON DELETE CASCADE,
  CONSTRAINT `descarga_envases_ibfk_2` FOREIGN KEY (`producto_id`) REFERENCES `productos` (`id`)
) ENGINE=InnoDB AUTO_INCREMENT=328 DEFAULT CHARSET=utf8mb4 COLLATE=utf8mb4_general_ci;
/*!40101 SET character_set_client = @saved_cs_client */;

--
-- Dumping data for table `descarga_envases`
--

LOCK TABLES `descarga_envases` WRITE;
/*!40000 ALTER TABLE `descarga_envases` DISABLE KEYS */;
INSERT INTO `descarga_envases` VALUES (89,54,8,2,9),(90,54,9,6,0),(91,54,11,178,32),(92,54,12,24,0),(93,55,8,4,0),(94,55,9,2,1),(95,55,11,29,7),(96,56,8,13,0),(97,56,9,4,3),(98,56,11,94,92),(99,56,12,23,1),(100,57,8,2,5),(101,57,9,3,0),(102,57,11,18,0),(103,58,8,3,5),(104,58,9,3,4),(105,58,11,136,44),(106,59,8,7,4),(107,59,9,6,1),(108,59,11,114,78),(109,59,12,18,6),(110,60,8,1,3),(111,60,9,2,0),(112,61,8,4,4),(113,61,9,6,2),(114,61,11,126,108),(115,62,8,2,2),(116,62,11,6,48),(117,63,8,13,0),(118,63,9,5,2),(119,63,11,119,67),(120,63,12,6,6),(121,64,8,2,2),(122,64,11,6,30),(123,65,8,9,3),(124,65,9,4,3),(125,65,11,54,120),(126,66,8,2,1),(127,66,9,1,2),(128,66,11,18,18),(129,67,8,5,2),(130,67,9,4,1),(131,67,11,90,102),(132,68,8,3,0),(133,68,9,3,0),(134,68,11,6,0),(135,69,8,10,9),(136,69,9,5,1),(137,69,10,54,126),(138,70,8,22,5),(139,70,9,3,3),(140,70,10,60,6),(141,71,8,10,9),(142,71,9,1,2),(143,71,10,21,21),(144,72,8,22,3),(145,72,9,3,3),(146,72,10,90,42),(147,73,8,10,17),(148,73,9,3,4),(149,73,10,70,62),(150,74,8,25,2),(151,74,9,3,3),(152,74,10,30,60),(153,75,8,20,0),(154,75,10,23,25),(155,76,8,16,9),(156,76,9,2,3),(157,76,10,92,40),(158,77,8,12,15),(159,77,9,5,1),(160,77,10,84,48),(164,79,8,20,7),(165,79,9,8,0),(166,79,10,60,42),(167,80,8,24,1),(168,80,9,3,3),(169,80,10,89,43),(170,81,8,11,16),(171,81,9,4,5),(172,81,10,77,49),(173,81,12,3,3),(174,82,8,19,8),(175,82,9,5,0),(176,82,10,47,1),(177,83,8,1,4),(178,83,9,1,1),(179,83,11,12,30),(180,84,8,11,0),(181,84,9,4,3),(182,84,11,162,30),(183,84,12,18,6),(184,85,8,59,0),(185,85,9,14,0),(186,85,11,252,0),(187,85,13,48,0),(188,86,8,22,0),(189,86,9,4,0),(190,86,11,246,0),(191,86,13,60,0),(192,87,8,42,0),(193,87,9,6,0),(194,87,11,162,0),(195,87,13,54,0),(196,88,8,41,0),(197,88,9,10,0),(198,88,11,120,0),(199,88,13,90,0),(200,89,8,20,0),(201,89,9,8,0),(202,89,11,168,0),(203,89,13,48,0),(204,90,8,23,0),(205,90,9,9,0),(206,90,10,12,0),(207,90,11,228,0),(208,90,13,48,0),(209,91,8,20,0),(210,91,9,13,0),(211,91,11,102,0),(212,91,13,54,0),(213,92,8,8,0),(214,92,9,4,0),(215,92,11,78,0),(216,92,13,90,0),(217,93,8,26,0),(218,93,9,7,0),(219,93,10,24,0),(220,93,11,150,0),(221,93,13,78,0),(222,94,8,69,0),(223,94,9,10,0),(224,94,11,204,0),(225,94,13,30,0),(226,95,8,30,0),(227,95,9,17,0),(228,95,11,192,0),(229,95,13,90,0),(230,96,8,29,0),(231,96,9,7,0),(232,96,10,12,0),(233,96,11,360,0),(234,96,13,36,0),(235,97,8,32,0),(236,97,9,8,0),(237,97,10,78,0),(238,97,11,126,0),(239,98,8,23,0),(240,98,9,12,0),(241,98,11,162,0),(242,98,13,48,0),(243,99,8,3,6),(244,99,9,4,3),(245,99,11,90,120),(246,100,8,15,9),(247,100,9,8,2),(248,100,11,150,126),(249,100,12,18,30),(250,101,8,6,0),(251,101,9,1,3),(252,101,11,6,24),(253,102,8,2,0),(254,103,8,31,0),(255,103,9,12,1),(256,103,11,180,60),(257,103,12,60,0),(258,104,8,4,6),(259,104,9,2,0),(260,105,8,21,0),(261,105,9,4,2),(262,105,10,44,16),(263,106,8,25,5),(264,106,9,1,8),(265,106,11,138,132),(266,106,12,24,0),(271,108,8,11,11),(272,108,9,2,5),(273,108,11,60,156),(274,108,13,48,30),(275,109,8,24,2),(276,109,9,3,3),(277,109,10,119,13),(278,110,8,17,10),(279,110,9,1,5),(280,110,10,83,49),(281,111,8,23,4),(282,111,9,4,2),(283,111,10,72,18),(284,112,8,31,6),(285,112,9,12,0),(286,112,11,132,120),(287,112,12,30,0),(292,114,8,26,4),(293,114,9,11,0),(294,114,10,6,6),(295,114,11,222,102),(296,114,13,30,0),(297,115,8,8,3),(298,115,9,2,5),(299,115,11,168,48),(300,115,12,12,12),(301,116,8,6,0),(302,116,9,3,0),(303,116,11,24,18),(304,117,9,3,0),(305,117,11,6,24),(306,117,18,2,0),(307,118,8,1,0),(308,119,8,2,5),(309,119,9,7,0),(310,119,11,126,60),(311,120,8,32,3),(312,120,9,13,0),(313,120,11,144,138),(314,120,12,84,0),(315,121,8,12,5),(316,121,10,10,38),(317,122,8,28,4),(318,122,9,6,4),(319,122,11,138,108),(320,122,12,42,12),(321,123,8,14,11),(322,123,9,4,2),(323,123,10,96,36),(324,124,8,19,3),(325,124,9,5,2),(326,124,11,84,156),(327,124,12,66,12);
/*!40000 ALTER TABLE `descarga_envases` ENABLE KEYS */;
UNLOCK TABLES;

--
-- Table structure for table `dias_reparto`
--

DROP TABLE IF EXISTS `dias_reparto`;
/*!40101 SET @saved_cs_client     = @@character_set_client */;
/*!50503 SET character_set_client = utf8mb4 */;
CREATE TABLE `dias_reparto` (
  `id` int NOT NULL AUTO_INCREMENT,
  `descripcion` varchar(50) COLLATE utf8mb4_general_ci NOT NULL,
  PRIMARY KEY (`id`),
  UNIQUE KEY `descripcion` (`descripcion`)
) ENGINE=InnoDB AUTO_INCREMENT=13 DEFAULT CHARSET=utf8mb4 COLLATE=utf8mb4_general_ci;
/*!40101 SET character_set_client = @saved_cs_client */;

--
-- Dumping data for table `dias_reparto`
--

LOCK TABLES `dias_reparto` WRITE;
/*!40000 ALTER TABLE `dias_reparto` DISABLE KEYS */;
INSERT INTO `dias_reparto` VALUES (7,'Jueves - Mañana'),(8,'Jueves - Tarde'),(1,'Lunes - Mañana'),(2,'Lunes - Tarde'),(3,'Martes - Mañana'),(4,'Martes - Tarde'),(5,'Miércoles - Mañana'),(6,'Miércoles - Tarde'),(11,'Sábado - Mañana'),(12,'Sábado - Tarde'),(9,'Viernes - Mañana'),(10,'Viernes - Tarde');
/*!40000 ALTER TABLE `dias_reparto` ENABLE KEYS */;
UNLOCK TABLES;

--
-- Table structure for table `envases_prestados`
--

DROP TABLE IF EXISTS `envases_prestados`;
/*!40101 SET @saved_cs_client     = @@character_set_client */;
/*!50503 SET character_set_client = utf8mb4 */;
CREATE TABLE `envases_prestados` (
  `id` int NOT NULL AUTO_INCREMENT,
  `cliente_id` int NOT NULL,
  `capacidad` int NOT NULL,
  `cantidad` int NOT NULL DEFAULT '0',
  `fecha_prestamo` timestamp NOT NULL DEFAULT CURRENT_TIMESTAMP,
  `producto_id` int DEFAULT NULL,
  `producto_nombre` varchar(100) COLLATE utf8mb4_general_ci DEFAULT NULL,
  PRIMARY KEY (`id`),
  KEY `cliente_id` (`cliente_id`),
  CONSTRAINT `envases_prestados_ibfk_1` FOREIGN KEY (`cliente_id`) REFERENCES `clientes` (`id`)
) ENGINE=InnoDB AUTO_INCREMENT=36 DEFAULT CHARSET=utf8mb4 COLLATE=utf8mb4_general_ci;
/*!40101 SET character_set_client = @saved_cs_client */;

--
-- Dumping data for table `envases_prestados`
--

LOCK TABLES `envases_prestados` WRITE;
/*!40000 ALTER TABLE `envases_prestados` DISABLE KEYS */;
INSERT INTO `envases_prestados` VALUES (32,27,20,1,'2025-04-15 22:48:53',8,'Bidón x 20L'),(33,27,12,1,'2025-04-15 22:48:53',9,'Bidón x 12L'),(35,28,20,1,'2025-05-02 13:07:02',8,'Bidón x 20L');
/*!40000 ALTER TABLE `envases_prestados` ENABLE KEYS */;
UNLOCK TABLES;

--
-- Table structure for table `productos`
--

DROP TABLE IF EXISTS `productos`;
/*!40101 SET @saved_cs_client     = @@character_set_client */;
/*!50503 SET character_set_client = utf8mb4 */;
CREATE TABLE `productos` (
  `id` int NOT NULL AUTO_INCREMENT,
  `nombreProducto` varchar(255) COLLATE utf8mb4_unicode_ci NOT NULL,
  `precioPublico` decimal(10,2) DEFAULT NULL,
  `precioRevendedor` decimal(10,2) DEFAULT NULL,
  `descripcion` varchar(255) COLLATE utf8mb4_unicode_ci DEFAULT NULL,
  `cantidadStock` int DEFAULT NULL,
  PRIMARY KEY (`id`)
) ENGINE=InnoDB AUTO_INCREMENT=21 DEFAULT CHARSET=utf8mb4 COLLATE=utf8mb4_unicode_ci;
/*!40101 SET character_set_client = @saved_cs_client */;

--
-- Dumping data for table `productos`
--

LOCK TABLES `productos` WRITE;
/*!40000 ALTER TABLE `productos` DISABLE KEYS */;
INSERT INTO `productos` VALUES (8,'Bidón x 20L',3400.00,1700.00,NULL,NULL),(9,'Bidón x 12L',2700.00,1400.00,NULL,NULL),(10,'Soda Sifon x 1500',950.00,0.00,NULL,NULL),(11,'Soda Sifon x 1250',900.00,584.00,NULL,NULL),(12,'Soda Sifon x 1000',800.00,450.00,NULL,NULL),(13,'Soda Sifon x 1000 - $450',450.00,450.00,'Producto provisorio Gustavo',999999),(14,'Bidon x 10L',0.00,1100.00,'...',10),(15,'Promocion Dispenser + Bidon x 12L',6900.00,5000.00,'...',10),(16,'Capsulas sifones x 2500',12500.00,12500.00,'...',30),(17,'Cajon x 6 sifones 1250',0.00,3500.00,'...',200),(18,'Dispenser Familiar',7500.00,6000.00,'...',20),(19,'Envase Bidon x 20',8000.00,8000.00,'.',100),(20,'Envase Bidon x 12',6000.00,6000.00,'.',100);
/*!40000 ALTER TABLE `productos` ENABLE KEYS */;
UNLOCK TABLES;

--
-- Table structure for table `repartidores`
--

DROP TABLE IF EXISTS `repartidores`;
/*!40101 SET @saved_cs_client     = @@character_set_client */;
/*!50503 SET character_set_client = utf8mb4 */;
CREATE TABLE `repartidores` (
  `id` int NOT NULL AUTO_INCREMENT,
  `nombre` varchar(255) COLLATE utf8mb4_unicode_ci NOT NULL,
  `telefono` varchar(255) COLLATE utf8mb4_unicode_ci DEFAULT NULL,
  `zona_reparto` varchar(255) COLLATE utf8mb4_unicode_ci DEFAULT NULL,
  `activo` tinyint(1) NOT NULL DEFAULT '1',
  `fecha_registro` timestamp NOT NULL DEFAULT CURRENT_TIMESTAMP,
  PRIMARY KEY (`id`)
) ENGINE=InnoDB AUTO_INCREMENT=114 DEFAULT CHARSET=utf8mb4 COLLATE=utf8mb4_unicode_ci;
/*!40101 SET character_set_client = @saved_cs_client */;

--
-- Dumping data for table `repartidores`
--

LOCK TABLES `repartidores` WRITE;
/*!40000 ALTER TABLE `repartidores` DISABLE KEYS */;
INSERT INTO `repartidores` VALUES (2,'Gustavo Careaga','3585764416','DEFAULT',1,'2025-01-23 22:38:27'),(3,'Axel Torres ','3586022828','Alberdi / Abilene',1,'2025-01-23 23:05:56'),(4,'David Schenatti','3585177219','DEFAULT',1,'2025-01-23 23:06:38');
/*!40000 ALTER TABLE `repartidores` ENABLE KEYS */;
UNLOCK TABLES;

--
-- Table structure for table `revendedores`
--

DROP TABLE IF EXISTS `revendedores`;
/*!40101 SET @saved_cs_client     = @@character_set_client */;
/*!50503 SET character_set_client = utf8mb4 */;
CREATE TABLE `revendedores` (
  `id` int NOT NULL AUTO_INCREMENT,
  `nombre` varchar(100) COLLATE utf8mb4_general_ci NOT NULL,
  PRIMARY KEY (`id`),
  UNIQUE KEY `nombre` (`nombre`)
) ENGINE=InnoDB AUTO_INCREMENT=9 DEFAULT CHARSET=utf8mb4 COLLATE=utf8mb4_general_ci;
/*!40101 SET character_set_client = @saved_cs_client */;

--
-- Dumping data for table `revendedores`
--

LOCK TABLES `revendedores` WRITE;
/*!40000 ALTER TABLE `revendedores` DISABLE KEYS */;
INSERT INTO `revendedores` VALUES (2,'Agustina Pereyra'),(7,'Alfredo Vildoza'),(4,'Daniel Sargiotto'),(3,'Facundo Gutierrez'),(1,'Rafael Leyria'),(6,'Sebastian'),(5,'Sonia Bigo');
/*!40000 ALTER TABLE `revendedores` ENABLE KEYS */;
UNLOCK TABLES;

--
-- Table structure for table `user`
--

DROP TABLE IF EXISTS `user`;
/*!40101 SET @saved_cs_client     = @@character_set_client */;
/*!50503 SET character_set_client = utf8mb4 */;
CREATE TABLE `user` (
  `id` int NOT NULL AUTO_INCREMENT,
  `email` varchar(255) COLLATE utf8mb4_general_ci NOT NULL,
  `password` varchar(255) COLLATE utf8mb4_general_ci NOT NULL,
  `created_at` timestamp NOT NULL DEFAULT CURRENT_TIMESTAMP,
  `nivel_usuario` int NOT NULL,
  PRIMARY KEY (`id`),
  UNIQUE KEY `email` (`email`)
) ENGINE=InnoDB AUTO_INCREMENT=4 DEFAULT CHARSET=utf8mb4 COLLATE=utf8mb4_general_ci;
/*!40101 SET character_set_client = @saved_cs_client */;

--
-- Dumping data for table `user`
--

LOCK TABLES `user` WRITE;
/*!40000 ALTER TABLE `user` DISABLE KEYS */;
INSERT INTO `user` VALUES (1,'admin@prueba.com','$2b$10$RwOEFvnLFgd3r6A2NQI4FeARtz9dzHx10vku8p9gq/oNtalT01YSG','2025-01-18 20:43:34',0),(3,'venta@soderiadonjavier.com','$2b$10$wgBuhC2KiWn6WRPKwohqkOwP7Uw3Sj7hCWKejMJ5YHEcs9sh.3/Oe','2025-02-11 14:46:11',0);
/*!40000 ALTER TABLE `user` ENABLE KEYS */;
UNLOCK TABLES;

--
-- Table structure for table `venta`
--

DROP TABLE IF EXISTS `venta`;
/*!40101 SET @saved_cs_client     = @@character_set_client */;
/*!50503 SET character_set_client = utf8mb4 */;
CREATE TABLE `venta` (
  `venta_id` varchar(36) NOT NULL,
  `revendedor_nombre` varchar(255) DEFAULT NULL,
  `repartidor_id` varchar(255) DEFAULT NULL,
  `productos` longtext CHARACTER SET utf8mb4 COLLATE utf8mb4_bin NOT NULL,
  `monto_total` varchar(255) NOT NULL,
  `medio_pago` enum('efectivo','transferencia') NOT NULL,
  `forma_pago` enum('total','parcial') NOT NULL,
  `saldo` tinyint(1) NOT NULL,
  `saldo_monto` varchar(255) DEFAULT NULL,
  `fecha_venta` datetime(6) NOT NULL DEFAULT CURRENT_TIMESTAMP(6),
  PRIMARY KEY (`venta_id`)
) ENGINE=InnoDB DEFAULT CHARSET=utf8mb4 COLLATE=utf8mb4_0900_ai_ci;
/*!40101 SET character_set_client = @saved_cs_client */;

--
-- Dumping data for table `venta`
--

LOCK TABLES `venta` WRITE;
/*!40000 ALTER TABLE `venta` DISABLE KEYS */;
INSERT INTO `venta` VALUES ('0016b93d-53fe-4e69-859d-754c275645c6','Facundo Gutierrez','','[{\"producto_id\":\"prod-8\",\"cantidad\":23,\"precio_unitario\":\"1700.00\",\"subtotal\":\"39100.00\"}]','39100.00','efectivo','total',0,NULL,'2025-04-24 16:25:52.279128'),('0020965c-deb2-45d6-b86e-379075d32b2e','Facundo Gutierrez','','[{\"producto_id\":\"prod-8\",\"cantidad\":15,\"precio_unitario\":\"1700.00\",\"subtotal\":\"25500.00\"}]','25500.00','efectivo','total',0,NULL,'2025-04-30 21:50:08.898238'),('00cdc1ce-b50f-434a-a619-817a915f6987','Facundo Gutierrez','','[{\"producto_id\":\"prod-1\",\"cantidad\":26,\"precio_unitario\":\"1700.00\",\"subtotal\":\"44200.00\"}]','44200.00','efectivo','total',0,NULL,'2025-04-10 17:08:43.448850'),('0135ec84-6525-40db-abf3-a6bf2e9de6c8','Daniel Sargiotto','','[{\"producto_id\":\"prod-1\",\"cantidad\":28,\"precio_unitario\":\"1700.00\",\"subtotal\":\"47600.00\"},{\"producto_id\":\"prod-2\",\"cantidad\":4,\"precio_unitario\":\"1400.00\",\"subtotal\":\"5600.00\"}]','53200.00','efectivo','total',0,NULL,'2025-02-21 17:55:52.571416'),('0406eb0f-19ca-4ae6-9aae-f066aacec97d','Daniel Sargiotto','','[{\"producto_id\":\"prod-1\",\"cantidad\":26,\"precio_unitario\":\"1700.00\",\"subtotal\":\"44200.00\"},{\"producto_id\":\"prod-2\",\"cantidad\":5,\"precio_unitario\":\"1400.00\",\"subtotal\":\"7000.00\"}]','51200.00','efectivo','total',0,NULL,'2025-04-08 18:48:50.765186'),('04300835-3f8b-4acb-bbdd-4a5a44faa4b0','Rafael Leyria','','[{\"producto_id\":\"prod-8\",\"cantidad\":28,\"precio_unitario\":\"1700.00\",\"subtotal\":\"47600.00\"}]','47600.00','efectivo','total',0,NULL,'2025-04-21 16:17:08.492120'),('0544cbc3-d654-4740-838e-ed24513f9fd6','Facundo Gutierrez','','[{\"producto_id\":\"prod-1\",\"cantidad\":23,\"precio_unitario\":\"1700.00\",\"subtotal\":\"39100.00\"}]','39100.00','efectivo','total',0,NULL,'2025-03-10 16:33:28.324247'),('05aa03a8-c81c-4b2b-8e3d-bc5f91d90fb2','Agustina Pereyra','','[{\"producto_id\":\"prod-1\",\"cantidad\":17,\"precio_unitario\":\"1700.00\",\"subtotal\":\"28900.00\"}]','28900.00','efectivo','total',0,NULL,'2025-02-14 16:15:58.134566'),('05c38499-3389-4e5a-81e9-9371bf7cb179','Alfredo Vildoza','','[{\"producto_id\":\"prod-1\",\"cantidad\":17,\"precio_unitario\":\"1700.00\",\"subtotal\":\"28900.00\"},{\"producto_id\":\"prod-2\",\"cantidad\":1,\"precio_unitario\":\"1400.00\",\"subtotal\":\"1400.00\"}]','30300.00','efectivo','total',0,NULL,'2025-04-08 18:44:40.801966'),('05c4b35b-bde6-4b35-96e7-a97f25fb8a87','Rafael Leyria','','[{\"producto_id\":\"prod-8\",\"cantidad\":12,\"precio_unitario\":\"1700.00\",\"subtotal\":\"20400.00\"},{\"producto_id\":\"prod-17\",\"cantidad\":16,\"precio_unitario\":\"3500.00\",\"subtotal\":\"56000.00\"}]','76400.00','efectivo','total',0,NULL,'2025-04-25 17:14:14.316793'),('05fe7b80-935d-410a-ac4d-004749925bab','Rafael Leyria','','[{\"producto_id\":\"prod-2\",\"cantidad\":5,\"precio_unitario\":\"1400.00\",\"subtotal\":\"7000.00\"},{\"producto_id\":\"prod-10\",\"cantidad\":1,\"precio_unitario\":\"3500.00\",\"subtotal\":\"3500.00\"}]','10500.00','efectivo','total',0,NULL,'2025-02-17 17:38:08.915039'),('076fab87-7b87-493b-a70a-dd3217d3a62d','Sonia Bigo','','[{\"producto_id\":\"prod-1\",\"cantidad\":20,\"precio_unitario\":\"1700.00\",\"subtotal\":\"34000.00\"},{\"producto_id\":\"prod-2\",\"cantidad\":5,\"precio_unitario\":\"1400.00\",\"subtotal\":\"7000.00\"},{\"producto_id\":\"prod-8\",\"cantidad\":3,\"precio_unitario\":\"5000.00\",\"subtotal\":\"15000.00\"}]','56000.00','efectivo','total',0,NULL,'2025-02-26 18:45:57.606041'),('0d49f2f0-b433-424d-8269-447a2c48e4ca','Rafael Leyria','','[{\"producto_id\":\"prod-1\",\"cantidad\":28,\"precio_unitario\":\"1700.00\",\"subtotal\":\"47600.00\"}]','47600.00','efectivo','total',0,NULL,'2025-03-10 16:59:23.778315'),('0dbac313-a142-47e5-b0b7-7b0c9d8e0e2b','Facundo Gutierrez','','[{\"producto_id\":\"prod-1\",\"cantidad\":20,\"precio_unitario\":\"1700.00\",\"subtotal\":\"34000.00\"},{\"producto_id\":\"prod-7\",\"cantidad\":6,\"precio_unitario\":\"1100.00\",\"subtotal\":\"6600.00\"}]','40600.00','efectivo','total',0,NULL,'2025-02-13 17:03:26.349636'),('106d4c1d-a923-46fa-8ce6-5a1b4836b6e4','Rafael Leyria','','[{\"producto_id\":\"prod-1\",\"cantidad\":30,\"precio_unitario\":\"1700.00\",\"subtotal\":\"51000.00\"},{\"producto_id\":\"prod-10\",\"cantidad\":30,\"precio_unitario\":\"3500.00\",\"subtotal\":\"105000.00\"},{\"producto_id\":\"prod-8\",\"cantidad\":1,\"precio_unitario\":\"5000.00\",\"subtotal\":\"5000.00\"}]','161000.00','efectivo','total',0,NULL,'2025-02-17 17:22:30.500301'),('111eb593-b613-4702-aa25-22f2cd6791ce','Sonia Bigo','','[{\"producto_id\":\"prod-1\",\"cantidad\":16,\"precio_unitario\":\"1700.00\",\"subtotal\":\"27200.00\"},{\"producto_id\":\"prod-2\",\"cantidad\":5,\"precio_unitario\":\"1400.00\",\"subtotal\":\"7000.00\"}]','34200.00','efectivo','total',0,NULL,'2025-03-11 19:49:46.564382'),('1782997d-6751-41a6-a797-4f812f40e89b','Agustina Pereyra','','[{\"producto_id\":\"prod-1\",\"cantidad\":20,\"precio_unitario\":\"1700.00\",\"subtotal\":\"34000.00\"}]','34000.00','efectivo','total',0,NULL,'2025-02-18 18:11:56.790355'),('1a8a60fb-27c6-494b-adf5-61dfd1932f94','Rafael Leyria','','[{\"producto_id\":\"prod-1\",\"cantidad\":20,\"precio_unitario\":\"1700.00\",\"subtotal\":\"34000.00\"},{\"producto_id\":\"prod-2\",\"cantidad\":2,\"precio_unitario\":\"1400.00\",\"subtotal\":\"2800.00\"},{\"producto_id\":\"prod-10\",\"cantidad\":9,\"precio_unitario\":\"3500.00\",\"subtotal\":\"31500.00\"}]','68300.00','efectivo','total',0,NULL,'2025-04-09 16:35:51.025367'),('1abd46c3-73e9-46ff-85f5-a6650ab093a1','Daniel Sargiotto','','[{\"producto_id\":\"prod-1\",\"cantidad\":23,\"precio_unitario\":\"1700.00\",\"subtotal\":\"39100.00\"}]','39100.00','efectivo','total',0,NULL,'2025-04-08 18:05:42.033860'),('1bab8b21-4694-4236-ba6a-dbd1ea8226c9','Daniel Sargiotto','','[{\"producto_id\":\"prod-8\",\"cantidad\":22,\"precio_unitario\":\"1700.00\",\"subtotal\":\"37400.00\"},{\"producto_id\":\"prod-9\",\"cantidad\":7,\"precio_unitario\":\"1400.00\",\"subtotal\":\"9800.00\"}]','47200.00','efectivo','total',0,NULL,'2025-04-23 17:52:31.320052'),('1d645e37-8b18-459d-b89a-a2334486d133','Rafael Leyria','','[{\"producto_id\":\"prod-8\",\"cantidad\":28,\"precio_unitario\":\"1700.00\",\"subtotal\":\"47600.00\"},{\"producto_id\":\"prod-17\",\"cantidad\":6,\"precio_unitario\":\"3500.00\",\"subtotal\":\"21000.00\"}]','68600.00','efectivo','total',0,NULL,'2025-05-02 15:28:22.902518'),('26318542-8419-4f02-bfbd-988fb60113d4','Facundo Gutierrez','','[{\"producto_id\":\"prod-8\",\"cantidad\":17,\"precio_unitario\":\"1700.00\",\"subtotal\":\"28900.00\"}]','28900.00','efectivo','total',0,NULL,'2025-04-16 16:46:44.206851'),('2c4d2b00-e8d1-4b53-9a35-159b07acfd94','Daniel Sargiotto','','[{\"producto_id\":\"prod-1\",\"cantidad\":28,\"precio_unitario\":\"1700.00\",\"subtotal\":\"47600.00\"},{\"producto_id\":\"prod-2\",\"cantidad\":3,\"precio_unitario\":\"1400.00\",\"subtotal\":\"4200.00\"}]','51800.00','efectivo','total',0,NULL,'2025-02-24 16:09:28.160405'),('2edb7fe7-1283-4c29-8e12-929e2fb4df08','Sonia Bigo','','[{\"producto_id\":\"prod-1\",\"cantidad\":13,\"precio_unitario\":\"1700.00\",\"subtotal\":\"22100.00\"},{\"producto_id\":\"prod-2\",\"cantidad\":7,\"precio_unitario\":\"1400.00\",\"subtotal\":\"9800.00\"}]','31900.00','efectivo','total',0,NULL,'2025-03-19 17:39:36.678957'),('30691e2a-56ca-4db9-ab2e-eda65c51de99','Daniel Sargiotto','','[{\"producto_id\":\"prod-1\",\"cantidad\":29,\"precio_unitario\":\"1700.00\",\"subtotal\":\"49300.00\"},{\"producto_id\":\"prod-2\",\"cantidad\":4,\"precio_unitario\":\"1400.00\",\"subtotal\":\"5600.00\"}]','54900.00','efectivo','total',0,NULL,'2025-02-26 19:53:16.823543'),('30b69b49-8666-4803-b645-7a9da84668bc','Rafael Leyria','','[{\"producto_id\":\"prod-1\",\"cantidad\":16,\"precio_unitario\":\"1700.00\",\"subtotal\":\"27200.00\"},{\"producto_id\":\"prod-10\",\"cantidad\":25,\"precio_unitario\":\"3500.00\",\"subtotal\":\"87500.00\"}]','114700.00','efectivo','total',0,NULL,'2025-02-21 17:19:48.619634'),('3354a1bc-95d4-479f-bc56-3409a4b62d42','Alfredo Vildoza','','[{\"producto_id\":\"prod-1\",\"cantidad\":17,\"precio_unitario\":\"1700.00\",\"subtotal\":\"28900.00\"},{\"producto_id\":\"prod-2\",\"cantidad\":1,\"precio_unitario\":\"1400.00\",\"subtotal\":\"1400.00\"}]','30300.00','efectivo','total',0,NULL,'2025-02-27 20:09:08.524726'),('3398cdd1-875b-4053-b88f-479b9f694706','Rafael Leyria','','[{\"producto_id\":\"prod-1\",\"cantidad\":20,\"precio_unitario\":\"1700.00\",\"subtotal\":\"34000.00\"},{\"producto_id\":\"prod-10\",\"cantidad\":8,\"precio_unitario\":\"3500.00\",\"subtotal\":\"28000.00\"}]','62000.00','efectivo','total',0,NULL,'2025-03-13 19:41:34.438261'),('34590336-13ac-4b99-90d0-71c3ca0a9309','Daniel Sargiotto','','[{\"producto_id\":\"prod-1\",\"cantidad\":20,\"precio_unitario\":\"1700.00\",\"subtotal\":\"34000.00\"},{\"producto_id\":\"prod-2\",\"cantidad\":4,\"precio_unitario\":\"1400.00\",\"subtotal\":\"5600.00\"}]','39600.00','efectivo','total',0,NULL,'2025-03-13 19:36:17.106202'),('3b42aa29-aafa-4a6e-81ce-da7f8e430203','Daniel Sargiotto','','[{\"producto_id\":\"prod-1\",\"cantidad\":36,\"precio_unitario\":\"1700.00\",\"subtotal\":\"61200.00\"},{\"producto_id\":\"prod-2\",\"cantidad\":8,\"precio_unitario\":\"1400.00\",\"subtotal\":\"11200.00\"}]','72400.00','efectivo','total',0,NULL,'2025-03-10 16:32:09.971611'),('3c72c918-f2b9-407a-b04c-ea53cdcb4aa3','Daniel Sargiotto','','[{\"producto_id\":\"prod-1\",\"cantidad\":27,\"precio_unitario\":\"1700.00\",\"subtotal\":\"45900.00\"},{\"producto_id\":\"prod-2\",\"cantidad\":1,\"precio_unitario\":\"1400.00\",\"subtotal\":\"1400.00\"}]','47300.00','efectivo','total',0,NULL,'2025-02-11 19:56:11.450244'),('3dfd6d5b-5968-405d-a1cc-41d749245e19','Facundo Gutierrez','','[{\"producto_id\":\"prod-1\",\"cantidad\":33,\"precio_unitario\":\"1700.00\",\"subtotal\":\"56100.00\"}]','56100.00','efectivo','total',0,NULL,'2025-02-27 20:05:07.094808'),('3e6ba1e0-73c4-4f77-b1f8-49c6470aaeb5','Facundo Gutierrez','','[{\"producto_id\":\"prod-1\",\"cantidad\":20,\"precio_unitario\":\"1700.00\",\"subtotal\":\"34000.00\"}]','34000.00','efectivo','total',0,NULL,'2025-03-14 17:21:06.057847'),('40de65ec-c5cf-4cef-8a64-ccf1140069ea','Daniel Sargiotto','','[{\"producto_id\":\"prod-1\",\"cantidad\":33,\"precio_unitario\":\"1700.00\",\"subtotal\":\"56100.00\"},{\"producto_id\":\"prod-2\",\"cantidad\":2,\"precio_unitario\":\"1400.00\",\"subtotal\":\"2800.00\"}]','58900.00','efectivo','total',0,NULL,'2025-04-14 18:15:14.387050'),('43b7b28c-a0f1-46a6-aef7-50c36c5876e7','Rafael Leyria','','[{\"producto_id\":\"prod-8\",\"cantidad\":12,\"precio_unitario\":\"1700.00\",\"subtotal\":\"20400.00\"},{\"producto_id\":\"prod-17\",\"cantidad\":16,\"precio_unitario\":\"3500.00\",\"subtotal\":\"56000.00\"}]','76400.00','efectivo','total',0,NULL,'2025-04-22 18:36:38.445965'),('448ff5a0-8eb7-4f49-9676-3b0eb9421123','Facundo Gutierrez','','[{\"producto_id\":\"prod-1\",\"cantidad\":10,\"precio_unitario\":\"1700.00\",\"subtotal\":\"17000.00\"},{\"producto_id\":\"prod-7\",\"cantidad\":2,\"precio_unitario\":\"1100.00\",\"subtotal\":\"2200.00\"}]','19200.00','efectivo','total',0,NULL,'2025-02-17 16:53:14.423951'),('48be2da8-f88e-41e0-81be-21adec066a0d','Sonia Bigo','','[{\"producto_id\":\"prod-8\",\"cantidad\":18,\"precio_unitario\":\"1700.00\",\"subtotal\":\"30600.00\"},{\"producto_id\":\"prod-9\",\"cantidad\":5,\"precio_unitario\":\"1400.00\",\"subtotal\":\"7000.00\"}]','37600.00','efectivo','total',0,NULL,'2025-04-16 16:51:31.739215'),('4a2702e9-ecbb-4b63-84a1-dd09c2a00031','Sonia Bigo','','[{\"producto_id\":\"prod-1\",\"cantidad\":13,\"precio_unitario\":\"1700.00\",\"subtotal\":\"22100.00\"},{\"producto_id\":\"prod-2\",\"cantidad\":3,\"precio_unitario\":\"1400.00\",\"subtotal\":\"4200.00\"}]','26300.00','efectivo','total',0,NULL,'2025-04-08 20:09:11.259586'),('4a7bb5cd-b9f4-4e20-98c1-4b443e753d8e','Facundo Gutierrez','','[{\"producto_id\":\"prod-1\",\"cantidad\":21,\"precio_unitario\":\"1700.00\",\"subtotal\":\"35700.00\"}]','35700.00','efectivo','total',0,NULL,'2025-03-11 19:51:16.473594'),('4c3ce47e-9f79-41df-b5ca-5e349b06ce1c','Rafael Leyria','','[{\"producto_id\":\"prod-8\",\"cantidad\":20,\"precio_unitario\":\"1700.00\",\"subtotal\":\"34000.00\"},{\"producto_id\":\"prod-17\",\"cantidad\":15,\"precio_unitario\":\"3500.00\",\"subtotal\":\"52500.00\"}]','86500.00','efectivo','total',0,NULL,'2025-04-21 16:11:38.669539'),('4c58778c-2419-4762-8457-47587ce784e8','Rafael Leyria','','[{\"producto_id\":\"prod-8\",\"cantidad\":16,\"precio_unitario\":\"1700.00\",\"subtotal\":\"27200.00\"},{\"producto_id\":\"prod-9\",\"cantidad\":15,\"precio_unitario\":\"1400.00\",\"subtotal\":\"21000.00\"},{\"producto_id\":\"prod-17\",\"cantidad\":15,\"precio_unitario\":\"3500.00\",\"subtotal\":\"52500.00\"}]','100700.00','efectivo','total',0,NULL,'2025-04-16 16:41:57.688712'),('4c7ca230-7e6e-48b3-aa0b-43971df1f3cc','Rafael Leyria','','[{\"producto_id\":\"prod-10\",\"cantidad\":16,\"precio_unitario\":\"3500.00\",\"subtotal\":\"56000.00\"}]','56000.00','efectivo','total',0,NULL,'2025-04-09 17:03:39.334954'),('4e85c341-01c5-45e3-89d4-74741d1a1a2e','Daniel Sargiotto','','[{\"producto_id\":\"prod-1\",\"cantidad\":30,\"precio_unitario\":\"1700.00\",\"subtotal\":\"51000.00\"},{\"producto_id\":\"prod-2\",\"cantidad\":6,\"precio_unitario\":\"1400.00\",\"subtotal\":\"8400.00\"}]','59400.00','efectivo','total',0,NULL,'2025-02-18 17:40:03.360370'),('4eae3067-9610-411b-ac47-1fc04dc6840f','Agustina Pereyra','','[{\"producto_id\":\"prod-1\",\"cantidad\":20,\"precio_unitario\":\"1700.00\",\"subtotal\":\"34000.00\"}]','34000.00','efectivo','total',0,NULL,'2025-04-14 18:13:39.468594'),('500d35fc-8a61-4bd5-9ff2-73dccfd33c2c','Rafael Leyria','','[{\"producto_id\":\"prod-1\",\"cantidad\":20,\"precio_unitario\":\"1700.00\",\"subtotal\":\"34000.00\"},{\"producto_id\":\"prod-2\",\"cantidad\":12,\"precio_unitario\":\"1400.00\",\"subtotal\":\"16800.00\"},{\"producto_id\":\"prod-10\",\"cantidad\":8,\"precio_unitario\":\"3500.00\",\"subtotal\":\"28000.00\"}]','78800.00','efectivo','total',0,NULL,'2025-03-24 18:12:28.680160'),('521f8d74-e7e6-4dd5-94df-3cbe21d1603a','Daniel Sargiotto','','[{\"producto_id\":\"prod-8\",\"cantidad\":20,\"precio_unitario\":\"1700.00\",\"subtotal\":\"34000.00\"},{\"producto_id\":\"prod-9\",\"cantidad\":6,\"precio_unitario\":\"1400.00\",\"subtotal\":\"8400.00\"}]','42400.00','efectivo','total',0,NULL,'2025-04-30 21:54:10.211620'),('53fcf28b-0f6e-41f9-b905-75233fcbc621','Alfredo Vildoza','','[{\"producto_id\":\"prod-1\",\"cantidad\":17,\"precio_unitario\":\"1700.00\",\"subtotal\":\"28900.00\"},{\"producto_id\":\"prod-2\",\"cantidad\":1,\"precio_unitario\":\"1400.00\",\"subtotal\":\"1400.00\"}]','30300.00','efectivo','total',0,NULL,'2025-04-09 18:09:07.108516'),('58e3b7b6-04cd-4c81-b3f6-59c37016891e','Rafael Leyria','','[{\"producto_id\":\"prod-1\",\"cantidad\":16,\"precio_unitario\":\"1700.00\",\"subtotal\":\"27200.00\"},{\"producto_id\":\"prod-10\",\"cantidad\":15,\"precio_unitario\":\"3500.00\",\"subtotal\":\"52500.00\"}]','79700.00','efectivo','total',0,NULL,'2025-04-11 17:29:50.306785'),('5d5db789-af14-4b8a-8a67-2d5fc80c6314','Sebastian','','[{\"producto_id\":\"prod-1\",\"cantidad\":1,\"precio_unitario\":\"1700.00\",\"subtotal\":\"1700.00\"}]','1700.00','efectivo','total',0,NULL,'2025-04-09 20:08:23.081993'),('5e2e7d52-dc42-463f-9c47-d07feb2d60af','Rafael Leyria','','[{\"producto_id\":\"prod-1\",\"cantidad\":28,\"precio_unitario\":\"1700.00\",\"subtotal\":\"47600.00\"}]','47600.00','efectivo','total',0,NULL,'2025-03-19 17:22:44.102086'),('5e96c800-235c-48ce-a050-d933bd8aabff','Daniel Sargiotto','','[{\"producto_id\":\"prod-1\",\"cantidad\":24,\"precio_unitario\":\"1700.00\",\"subtotal\":\"40800.00\"},{\"producto_id\":\"prod-2\",\"cantidad\":3,\"precio_unitario\":\"1400.00\",\"subtotal\":\"4200.00\"}]','45000.00','efectivo','total',0,NULL,'2025-03-19 17:43:48.947627'),('5e9cc34d-6950-4ee2-b6c8-3f0d99067cbf','Alfredo Vildoza','','[{\"producto_id\":\"prod-1\",\"cantidad\":120,\"precio_unitario\":\"1700.00\",\"subtotal\":\"204000.00\"}]','204000.00','efectivo','total',0,NULL,'2025-03-14 17:23:01.629780'),('6109b0fc-6f64-4f6c-9dc3-13d5513a7bc6','Sonia Bigo','','[{\"producto_id\":\"prod-1\",\"cantidad\":7,\"precio_unitario\":\"1700.00\",\"subtotal\":\"11900.00\"},{\"producto_id\":\"prod-2\",\"cantidad\":3,\"precio_unitario\":\"1400.00\",\"subtotal\":\"4200.00\"}]','16100.00','efectivo','total',0,NULL,'2025-02-25 18:13:54.245904'),('64b2b75c-12b7-4169-9b4c-96f838e06d37','Facundo Gutierrez','','[{\"producto_id\":\"prod-1\",\"cantidad\":28,\"precio_unitario\":\"1700.00\",\"subtotal\":\"47600.00\"}]','47600.00','efectivo','total',0,NULL,'2025-03-05 18:46:04.871179'),('67e4fcd4-eb1c-4070-9f26-87c5b3e7b42c','Facundo Gutierrez','','[{\"producto_id\":\"prod-1\",\"cantidad\":15,\"precio_unitario\":\"1700.00\",\"subtotal\":\"25500.00\"}]','25500.00','efectivo','total',0,NULL,'2025-04-09 16:50:42.825855'),('6892b75b-250c-4bb7-bcd8-6f049df76846','Facundo Gutierrez','','[{\"producto_id\":\"prod-1\",\"cantidad\":19,\"precio_unitario\":\"1700.00\",\"subtotal\":\"32300.00\"}]','32300.00','efectivo','total',0,NULL,'2025-04-14 18:16:32.717719'),('69deba04-0f7d-4931-9652-6c44b461dbfc','Daniel Sargiotto','','[{\"producto_id\":\"prod-1\",\"cantidad\":30,\"precio_unitario\":\"1700.00\",\"subtotal\":\"51000.00\"},{\"producto_id\":\"prod-2\",\"cantidad\":8,\"precio_unitario\":\"1400.00\",\"subtotal\":\"11200.00\"}]','62200.00','efectivo','total',0,NULL,'2025-03-10 16:28:27.791293'),('6a4522fe-7565-45fa-bb92-1a9a0433e20e','Rafael Leyria','','[{\"producto_id\":\"prod-1\",\"cantidad\":24,\"precio_unitario\":\"1700.00\",\"subtotal\":\"40800.00\"},{\"producto_id\":\"prod-10\",\"cantidad\":2,\"precio_unitario\":\"3500.00\",\"subtotal\":\"7000.00\"},{\"producto_id\":\"prod-11\",\"cantidad\":1,\"precio_unitario\":\"6000.00\",\"subtotal\":\"6000.00\"}]','53800.00','efectivo','total',0,NULL,'2025-02-27 20:35:00.665085'),('6a5fd2d3-8006-4426-8e37-e1140e3b66d7','Rafael Leyria','','[{\"producto_id\":\"prod-8\",\"cantidad\":12,\"precio_unitario\":\"1700.00\",\"subtotal\":\"20400.00\"},{\"producto_id\":\"prod-9\",\"cantidad\":5,\"precio_unitario\":\"1400.00\",\"subtotal\":\"7000.00\"},{\"producto_id\":\"prod-17\",\"cantidad\":16,\"precio_unitario\":\"3500.00\",\"subtotal\":\"56000.00\"}]','83400.00','efectivo','total',0,NULL,'2025-04-30 21:59:18.806736'),('6f82eb54-36d0-43ad-bdf9-8e295b9bc58f','Facundo Gutierrez','','[{\"producto_id\":\"prod-1\",\"cantidad\":25,\"precio_unitario\":\"1700.00\",\"subtotal\":\"42500.00\"}]','42500.00','efectivo','total',0,NULL,'2025-02-18 17:34:08.238520'),('70e48358-0e80-4173-a83f-bf1d72619fd4','Agustina Pereyra','','[{\"producto_id\":\"prod-8\",\"cantidad\":20,\"precio_unitario\":\"1700.00\",\"subtotal\":\"34000.00\"}]','34000.00','efectivo','total',0,NULL,'2025-04-25 17:10:46.793211'),('725dffc1-01ec-4859-928b-73bf50a1ec38','Agustina Pereyra','','[{\"producto_id\":\"prod-1\",\"cantidad\":8,\"precio_unitario\":\"1700.00\",\"subtotal\":\"13600.00\"}]','13600.00','efectivo','total',0,NULL,'2025-02-25 17:11:33.947788'),('741342d0-dfb3-4f26-86a3-33f84b874c35','Sonia Bigo','','[{\"producto_id\":\"prod-1\",\"cantidad\":16,\"precio_unitario\":\"1700.00\",\"subtotal\":\"27200.00\"},{\"producto_id\":\"prod-2\",\"cantidad\":7,\"precio_unitario\":\"1400.00\",\"subtotal\":\"9800.00\"}]','37000.00','efectivo','total',0,NULL,'2025-03-06 16:23:04.532864'),('7d4acca8-992c-4910-8923-f31262501e69','Facundo Gutierrez','','[{\"producto_id\":\"prod-8\",\"cantidad\":21,\"precio_unitario\":\"1700.00\",\"subtotal\":\"35700.00\"}]','35700.00','efectivo','total',0,NULL,'2025-04-22 18:34:51.994386'),('7e6e4235-f2d3-46d5-a2a3-5507e8fd561c','Rafael Leyria','','[{\"producto_id\":\"prod-1\",\"cantidad\":24,\"precio_unitario\":\"1700.00\",\"subtotal\":\"40800.00\"},{\"producto_id\":\"prod-10\",\"cantidad\":8,\"precio_unitario\":\"3500.00\",\"subtotal\":\"28000.00\"}]','68800.00','efectivo','total',0,NULL,'2025-03-21 20:44:23.190957'),('8116e4df-f899-4551-8d36-c19e5852328c','Sebastian','','[{\"producto_id\":\"prod-1\",\"cantidad\":4,\"precio_unitario\":\"1700.00\",\"subtotal\":\"6800.00\"}]','6800.00','efectivo','total',0,NULL,'2025-02-18 17:32:25.807069'),('8233ec50-8bba-4857-a42f-f5832471c5c0','Rafael Leyria','','[{\"producto_id\":\"prod-10\",\"cantidad\":30,\"precio_unitario\":\"3500.00\",\"subtotal\":\"105000.00\"}]','105000.00','efectivo','total',0,NULL,'2025-03-25 19:16:10.136055'),('827867a7-0ce2-43aa-8162-380e8629b7c7','Facundo Gutierrez','','[{\"producto_id\":\"prod-1\",\"cantidad\":21,\"precio_unitario\":\"1700.00\",\"subtotal\":\"35700.00\"}]','35700.00','efectivo','total',0,NULL,'2025-03-20 17:52:16.943867'),('84444114-d6ab-4099-8eaa-5885acc87025','Rafael Leyria','','[{\"producto_id\":\"prod-1\",\"cantidad\":24,\"precio_unitario\":\"1700.00\",\"subtotal\":\"40800.00\"},{\"producto_id\":\"prod-10\",\"cantidad\":12,\"precio_unitario\":\"3500.00\",\"subtotal\":\"42000.00\"}]','82800.00','efectivo','total',0,NULL,'2025-02-22 13:52:09.739251'),('84be2708-2dd6-46e1-9814-a204e44fa4d3','Rafael Leyria','','[{\"producto_id\":\"prod-1\",\"cantidad\":24,\"precio_unitario\":\"1700.00\",\"subtotal\":\"40800.00\"},{\"producto_id\":\"prod-2\",\"cantidad\":5,\"precio_unitario\":\"1400.00\",\"subtotal\":\"7000.00\"},{\"producto_id\":\"prod-10\",\"cantidad\":6,\"precio_unitario\":\"3500.00\",\"subtotal\":\"21000.00\"}]','68800.00','efectivo','total',0,NULL,'2025-03-07 16:33:26.751396'),('88f09ef4-ad42-4cbc-8949-6143b036f2bb','Sebastian','','[{\"producto_id\":\"prod-1\",\"cantidad\":4,\"precio_unitario\":\"1700.00\",\"subtotal\":\"6800.00\"}]','6800.00','efectivo','total',0,NULL,'2025-04-08 17:47:17.500518'),('8911a5d2-2ff1-4cfb-9404-a23119d9b921','Sonia Bigo','','[{\"producto_id\":\"prod-1\",\"cantidad\":13,\"precio_unitario\":\"1700.00\",\"subtotal\":\"22100.00\"},{\"producto_id\":\"prod-2\",\"cantidad\":3,\"precio_unitario\":\"1400.00\",\"subtotal\":\"4200.00\"}]','26300.00','efectivo','total',0,NULL,'2025-04-09 16:44:41.151210'),('8cc32557-fb86-42aa-8770-72285e9ca159','Sonia Bigo','','[{\"producto_id\":\"prod-8\",\"cantidad\":8,\"precio_unitario\":\"1700.00\",\"subtotal\":\"13600.00\"},{\"producto_id\":\"prod-9\",\"cantidad\":6,\"precio_unitario\":\"1400.00\",\"subtotal\":\"8400.00\"}]','22000.00','efectivo','total',0,NULL,'2025-04-30 21:52:04.860809'),('8f007f83-f800-4d13-ab85-4b6844d2299c','Rafael Leyria','','[{\"producto_id\":\"prod-1\",\"cantidad\":16,\"precio_unitario\":\"1700.00\",\"subtotal\":\"27200.00\"},{\"producto_id\":\"prod-2\",\"cantidad\":5,\"precio_unitario\":\"1400.00\",\"subtotal\":\"7000.00\"},{\"producto_id\":\"prod-10\",\"cantidad\":25,\"precio_unitario\":\"3500.00\",\"subtotal\":\"87500.00\"}]','121700.00','efectivo','total',0,NULL,'2025-03-11 20:02:34.526325'),('900228d6-af70-41a9-8f31-a0f4e433b822','Agustina Pereyra','','[{\"producto_id\":\"prod-1\",\"cantidad\":15,\"precio_unitario\":\"1700.00\",\"subtotal\":\"25500.00\"}]','25500.00','efectivo','total',0,NULL,'2025-02-27 20:07:24.887139'),('906ff735-9de4-43e4-b62b-487569406e5e','Facundo Gutierrez','','[{\"producto_id\":\"prod-1\",\"cantidad\":14,\"precio_unitario\":\"1700.00\",\"subtotal\":\"23800.00\"}]','23800.00','efectivo','total',0,NULL,'2025-04-09 16:54:43.077241'),('9484452c-55b7-4d9a-bb2e-961d1a0697a2','Rafael Leyria','','[{\"producto_id\":\"prod-1\",\"cantidad\":22,\"precio_unitario\":\"1700.00\",\"subtotal\":\"37400.00\"},{\"producto_id\":\"prod-2\",\"cantidad\":15,\"precio_unitario\":\"1400.00\",\"subtotal\":\"21000.00\"},{\"producto_id\":\"prod-10\",\"cantidad\":4,\"precio_unitario\":\"3500.00\",\"subtotal\":\"14000.00\"}]','72400.00','efectivo','total',0,NULL,'2025-02-19 17:28:27.937873'),('94f4a368-0542-447e-89a3-27e4a0301613','Facundo Gutierrez','','[{\"producto_id\":\"prod-1\",\"cantidad\":13,\"precio_unitario\":\"1700.00\",\"subtotal\":\"22100.00\"}]','22100.00','efectivo','total',0,NULL,'2025-04-09 16:43:00.841920'),('9c4c7057-d252-4ec7-9a1c-cba2344af5fb','Daniel Sargiotto','','[{\"producto_id\":\"prod-1\",\"cantidad\":32,\"precio_unitario\":\"1700.00\",\"subtotal\":\"54400.00\"},{\"producto_id\":\"prod-2\",\"cantidad\":4,\"precio_unitario\":\"1400.00\",\"subtotal\":\"5600.00\"}]','60000.00','efectivo','total',0,NULL,'2025-03-05 18:42:24.621716'),('9cdd1d23-8a91-4628-bfed-d1ecb81e45c5','Facundo Gutierrez','','[{\"producto_id\":\"prod-1\",\"cantidad\":21,\"precio_unitario\":\"1700.00\",\"subtotal\":\"35700.00\"}]','35700.00','efectivo','total',0,NULL,'2025-03-19 17:36:26.988412'),('a67fe9f6-038f-44c5-b55e-806a9d07aeed','Facundo Gutierrez','','[{\"producto_id\":\"prod-1\",\"cantidad\":20,\"precio_unitario\":\"1700.00\",\"subtotal\":\"34000.00\"}]','34000.00','efectivo','total',0,NULL,'2025-02-24 16:10:58.187753'),('a76b0c3b-c017-4de9-99d3-a550b2087af9','Daniel Sargiotto','','[{\"producto_id\":\"prod-1\",\"cantidad\":23,\"precio_unitario\":\"1700.00\",\"subtotal\":\"39100.00\"},{\"producto_id\":\"prod-2\",\"cantidad\":2,\"precio_unitario\":\"1400.00\",\"subtotal\":\"2800.00\"}]','41900.00','efectivo','total',0,NULL,'2025-03-05 18:44:09.070405'),('a7b3a5dd-c335-4036-9ac6-eda0aeae9539','Alfredo Vildoza','','[{\"producto_id\":\"prod-1\",\"cantidad\":12,\"precio_unitario\":\"1700.00\",\"subtotal\":\"20400.00\"}]','20400.00','efectivo','total',0,NULL,'2025-04-14 18:17:42.388610'),('a9f6a791-3970-49b2-94e4-0fa52f02f0e5','Sonia Bigo','','[{\"producto_id\":\"prod-1\",\"cantidad\":16,\"precio_unitario\":\"1700.00\",\"subtotal\":\"27200.00\"},{\"producto_id\":\"prod-2\",\"cantidad\":15,\"precio_unitario\":\"1400.00\",\"subtotal\":\"21000.00\"},{\"producto_id\":\"prod-11\",\"cantidad\":2,\"precio_unitario\":\"6000.00\",\"subtotal\":\"12000.00\"}]','60200.00','efectivo','total',0,NULL,'2025-04-09 16:53:41.146536'),('ab29abd2-9b42-4479-9411-c6b55d1df2c6','Alfredo Vildoza','','[{\"producto_id\":\"prod-8\",\"cantidad\":17,\"precio_unitario\":\"1700.00\",\"subtotal\":\"28900.00\"},{\"producto_id\":\"prod-9\",\"cantidad\":2,\"precio_unitario\":\"1400.00\",\"subtotal\":\"2800.00\"}]','31700.00','efectivo','total',0,NULL,'2025-04-25 17:12:26.107392'),('acac0b62-29af-4e69-b3c5-8253d3e2cc52','Sebastian','','[{\"producto_id\":\"prod-1\",\"cantidad\":5,\"precio_unitario\":\"1700.00\",\"subtotal\":\"8500.00\"}]','8500.00','efectivo','total',0,NULL,'2025-02-25 17:40:31.893763'),('ad93eba5-b659-4cf2-9c9d-fd402763512b','Americo Schenatti','','[{\"producto_id\":\"prod-8\",\"cantidad\":1,\"precio_unitario\":\"1700.00\",\"subtotal\":\"1700.00\"}]','1700.00','efectivo','total',0,NULL,'2025-04-16 16:49:23.695852'),('afbc25b0-1e18-4594-916f-7af50941b8e3','Rafael Leyria','','[{\"producto_id\":\"prod-1\",\"cantidad\":12,\"precio_unitario\":\"1700.00\",\"subtotal\":\"20400.00\"},{\"producto_id\":\"prod-2\",\"cantidad\":5,\"precio_unitario\":\"1400.00\",\"subtotal\":\"7000.00\"},{\"producto_id\":\"prod-10\",\"cantidad\":25,\"precio_unitario\":\"3500.00\",\"subtotal\":\"87500.00\"}]','114900.00','efectivo','total',0,NULL,'2025-03-19 17:34:53.568784'),('b4aa6df8-05c5-430a-aa73-a52042b1b30e','Agustina Pereyra','','[{\"producto_id\":\"prod-1\",\"cantidad\":16,\"precio_unitario\":\"1700.00\",\"subtotal\":\"27200.00\"}]','27200.00','efectivo','total',0,NULL,'2025-04-07 19:59:59.291104'),('b6f7a639-536b-4553-8312-a886b1ed126c','Rafael Leyria','','[{\"producto_id\":\"prod-1\",\"cantidad\":28,\"precio_unitario\":\"1700.00\",\"subtotal\":\"47600.00\"}]','47600.00','efectivo','total',0,NULL,'2025-04-08 17:53:43.438595'),('b8b7c65d-5a46-4c92-9cb9-b8c93997a8b3','Daniel Sargiotto','','[{\"producto_id\":\"prod-1\",\"cantidad\":35,\"precio_unitario\":\"1700.00\",\"subtotal\":\"59500.00\"},{\"producto_id\":\"prod-2\",\"cantidad\":5,\"precio_unitario\":\"1400.00\",\"subtotal\":\"7000.00\"}]','66500.00','efectivo','total',0,NULL,'2025-03-24 18:08:55.250441'),('bdf645ae-884a-46e2-9490-a2f52eb7871a','Facundo Gutierrez','','[{\"producto_id\":\"prod-8\",\"cantidad\":22,\"precio_unitario\":\"1700.00\",\"subtotal\":\"37400.00\"}]','37400.00','efectivo','total',0,NULL,'2025-05-05 19:16:13.129988'),('c3cab04b-9305-4a8e-b42c-0c8b7839344b','Sonia Bigo','','[{\"producto_id\":\"prod-1\",\"cantidad\":13,\"precio_unitario\":\"1700.00\",\"subtotal\":\"22100.00\"},{\"producto_id\":\"prod-2\",\"cantidad\":5,\"precio_unitario\":\"1400.00\",\"subtotal\":\"7000.00\"},{\"producto_id\":\"prod-9\",\"cantidad\":1,\"precio_unitario\":\"12500.00\",\"subtotal\":\"12500.00\"}]','41600.00','efectivo','total',0,NULL,'2025-04-08 20:05:09.587261'),('cd07d6c5-b192-4eaa-92a7-0e7b228db7c3','Facundo Gutierrez','','[{\"producto_id\":\"prod-1\",\"cantidad\":22,\"precio_unitario\":\"1700.00\",\"subtotal\":\"37400.00\"}]','37400.00','efectivo','total',0,NULL,'2025-04-08 18:09:56.895921'),('cd23c8d2-4a13-47db-b921-bd2674453e89','Facundo Gutierrez','','[{\"producto_id\":\"prod-8\",\"cantidad\":15,\"precio_unitario\":\"1700.00\",\"subtotal\":\"25500.00\"}]','25500.00','efectivo','total',0,NULL,'2025-04-28 19:21:46.774331'),('cfefec7c-85a5-4231-b215-b73220926433','Facundo Gutierrez','','[{\"producto_id\":\"prod-1\",\"cantidad\":20,\"precio_unitario\":\"1700.00\",\"subtotal\":\"34000.00\"}]','34000.00','efectivo','total',0,NULL,'2025-02-21 17:11:02.818902'),('d1ce89f3-24f0-4424-8cdb-fa1fb7ffca62','Sonia Viggo','','[{\"producto_id\":\"prod-1\",\"cantidad\":13,\"precio_unitario\":\"1700.00\",\"subtotal\":\"22100.00\"},{\"producto_id\":\"prod-2\",\"cantidad\":8,\"precio_unitario\":\"1400.00\",\"subtotal\":\"11200.00\"}]','33300.00','efectivo','total',0,NULL,'2025-02-18 16:11:35.910160'),('d51d39b7-6455-4e7b-a6df-5fd893d17ede','Facundo Gutierrez','','[{\"producto_id\":\"prod-1\",\"cantidad\":19,\"precio_unitario\":\"1700.00\",\"subtotal\":\"32300.00\"}]','32300.00','efectivo','total',0,NULL,'2025-02-17 16:57:05.393901'),('d969fc46-efc3-45ea-b72e-61dd4f5ec7a8','Americo Schenatti','','[{\"producto_id\":\"prod-1\",\"cantidad\":2,\"precio_unitario\":\"3400.00\",\"subtotal\":\"6800.00\"},{\"producto_id\":\"prod-12\",\"cantidad\":2,\"precio_unitario\":\"8000.00\",\"subtotal\":\"16000.00\"},{\"producto_id\":\"prod-11\",\"cantidad\":1,\"precio_unitario\":\"7500.00\",\"subtotal\":\"7500.00\"}]','30300.00','efectivo','total',0,NULL,'2025-03-18 20:48:12.303925'),('d9bea695-bd03-43eb-96dd-c933cc1b5183','Agustina Pereyra','','[{\"producto_id\":\"prod-1\",\"cantidad\":23,\"precio_unitario\":\"1700.00\",\"subtotal\":\"39100.00\"}]','39100.00','efectivo','total',0,NULL,'2025-03-14 17:19:32.898068'),('dbbf728d-d397-4f34-ae82-7694b7f7e548','Rafael Leyria','','[{\"producto_id\":\"prod-1\",\"cantidad\":30,\"precio_unitario\":\"1700.00\",\"subtotal\":\"51000.00\"},{\"producto_id\":\"prod-2\",\"cantidad\":5,\"precio_unitario\":\"1400.00\",\"subtotal\":\"7000.00\"},{\"producto_id\":\"prod-10\",\"cantidad\":32,\"precio_unitario\":\"3500.00\",\"subtotal\":\"112000.00\"},{\"producto_id\":\"prod-8\",\"cantidad\":1,\"precio_unitario\":\"5000.00\",\"subtotal\":\"5000.00\"}]','175000.00','efectivo','total',0,NULL,'2025-02-17 17:50:07.111888'),('dc9a85d7-642c-4d9b-9f28-8319e85dd66a','Facundo Gutierrez','','[{\"producto_id\":\"prod-1\",\"cantidad\":23,\"precio_unitario\":\"1700.00\",\"subtotal\":\"39100.00\"}]','39100.00','efectivo','total',0,NULL,'2025-03-25 19:11:43.340135'),('dd07760c-f3be-475b-a677-51d44251f8c1','Rafael Leyria','','[{\"producto_id\":\"prod-1\",\"cantidad\":16,\"precio_unitario\":\"1700.00\",\"subtotal\":\"27200.00\"},{\"producto_id\":\"prod-10\",\"cantidad\":25,\"precio_unitario\":\"3500.00\",\"subtotal\":\"87500.00\"}]','114700.00','efectivo','total',0,NULL,'2025-02-26 19:56:33.460124'),('dd2563ef-41cd-46d0-9479-90a9ff9469b6','Daniel Sargiotto','','[{\"producto_id\":\"prod-1\",\"cantidad\":33,\"precio_unitario\":\"1700.00\",\"subtotal\":\"56100.00\"},{\"producto_id\":\"prod-2\",\"cantidad\":3,\"precio_unitario\":\"1400.00\",\"subtotal\":\"4200.00\"}]','60300.00','efectivo','total',0,NULL,'2025-03-19 17:13:53.310639'),('dfe87100-0b7c-4e84-a0b1-4bf93bc0ff77','Rafael Leyria','','[{\"producto_id\":\"prod-1\",\"cantidad\":16,\"precio_unitario\":\"1700.00\",\"subtotal\":\"27200.00\"},{\"producto_id\":\"prod-10\",\"cantidad\":25,\"precio_unitario\":\"3500.00\",\"subtotal\":\"87500.00\"}]','114700.00','efectivo','total',0,NULL,'2025-03-05 17:46:49.567736'),('e0d643c3-eee4-47e1-866a-d20e96687520','Sonia Bigo','','[{\"producto_id\":\"prod-8\",\"cantidad\":14,\"precio_unitario\":\"1700.00\",\"subtotal\":\"23800.00\"},{\"producto_id\":\"prod-9\",\"cantidad\":5,\"precio_unitario\":\"1400.00\",\"subtotal\":\"7000.00\"}]','30800.00','efectivo','total',0,NULL,'2025-04-24 16:27:27.554969'),('e16e79da-ff87-44dc-bdb0-5fe4749d2127','Rafael Leyria','','[{\"producto_id\":\"prod-1\",\"cantidad\":12,\"precio_unitario\":\"1700.00\",\"subtotal\":\"20400.00\"},{\"producto_id\":\"prod-10\",\"cantidad\":24,\"precio_unitario\":\"3500.00\",\"subtotal\":\"84000.00\"}]','104400.00','efectivo','total',0,NULL,'2025-04-08 18:40:45.155271'),('e1cbdf3f-9991-4315-8786-a87655cc8962','Daniel Sargiotto','','[{\"producto_id\":\"prod-8\",\"cantidad\":32,\"precio_unitario\":\"1700.00\",\"subtotal\":\"54400.00\"},{\"producto_id\":\"prod-9\",\"cantidad\":3,\"precio_unitario\":\"1400.00\",\"subtotal\":\"4200.00\"}]','58600.00','efectivo','total',0,NULL,'2025-04-26 13:00:13.022951'),('e24dbdde-52ab-4d95-9df7-42f49a55cd84','Rafael Leyria','','[{\"producto_id\":\"prod-1\",\"cantidad\":28,\"precio_unitario\":\"1700.00\",\"subtotal\":\"47600.00\"}]','47600.00','efectivo','total',0,NULL,'2025-04-09 17:00:42.005587'),('e7581f54-c893-4e46-9f92-d13e9afe7418','Daniel Sargiotto','','[{\"producto_id\":\"prod-8\",\"cantidad\":28,\"precio_unitario\":\"1700.00\",\"subtotal\":\"47600.00\"},{\"producto_id\":\"prod-9\",\"cantidad\":2,\"precio_unitario\":\"1400.00\",\"subtotal\":\"2800.00\"}]','50400.00','efectivo','total',0,NULL,'2025-04-17 17:49:32.206668'),('ef3e32ec-b39e-45dc-9e71-88e7b8dd8802','Rafael Leyria','','[{\"producto_id\":\"prod-1\",\"cantidad\":20,\"precio_unitario\":\"1700.00\",\"subtotal\":\"34000.00\"}]','34000.00','efectivo','total',0,NULL,'2025-04-04 17:53:14.686740'),('f1b76b3b-aa19-4cb6-a35f-41e8cad67943','Facundo Gutierrez','','[{\"producto_id\":\"prod-1\",\"cantidad\":15,\"precio_unitario\":\"1700.00\",\"subtotal\":\"25500.00\"}]','25500.00','efectivo','total',0,NULL,'2025-04-09 16:49:16.402634'),('f3d2635e-8ecc-4b77-b2da-a23017336e9b','Agustina Pereyra','','[{\"producto_id\":\"prod-1\",\"cantidad\":1,\"precio_unitario\":\"1700.00\",\"subtotal\":\"1700.00\"}]','1700.00','efectivo','total',0,NULL,'2025-04-10 00:17:53.808086'),('f5d817d3-e557-4784-833c-45f917845a9a','Rafael Leyria','','[{\"producto_id\":\"prod-8\",\"cantidad\":24,\"precio_unitario\":\"1700.00\",\"subtotal\":\"40800.00\"},{\"producto_id\":\"prod-17\",\"cantidad\":10,\"precio_unitario\":\"3500.00\",\"subtotal\":\"35000.00\"}]','75800.00','efectivo','total',0,NULL,'2025-05-05 19:11:40.297847'),('f63ba3fa-f2fc-4774-87e8-09ddf0600735','Daniel Sargiotto','','[{\"producto_id\":\"prod-1\",\"cantidad\":290,\"precio_unitario\":\"1700.00\",\"subtotal\":\"493000.00\"},{\"producto_id\":\"prod-2\",\"cantidad\":2,\"precio_unitario\":\"1400.00\",\"subtotal\":\"2800.00\"}]','495800.00','efectivo','total',0,NULL,'2025-04-09 18:24:24.223947'),('f951e86f-416c-40fd-b22a-0f75bc50c267','Rafael Leyria','','[{\"producto_id\":\"prod-1\",\"cantidad\":29,\"precio_unitario\":\"1700.00\",\"subtotal\":\"49300.00\"},{\"producto_id\":\"prod-2\",\"cantidad\":5,\"precio_unitario\":\"1400.00\",\"subtotal\":\"7000.00\"},{\"producto_id\":\"prod-4\",\"cantidad\":192,\"precio_unitario\":\"583.00\",\"subtotal\":\"111936.00\"},{\"producto_id\":\"prod-8\",\"cantidad\":1,\"precio_unitario\":\"5000.00\",\"subtotal\":\"5000.00\"}]','173300.00','efectivo','total',0,NULL,'2025-02-11 19:42:44.073351'),('fa3f8fe1-7c28-49fa-9fb2-ec2fab74c060','Sebastian','','[{\"producto_id\":\"prod-1\",\"cantidad\":4,\"precio_unitario\":\"1700.00\",\"subtotal\":\"6800.00\"}]','6800.00','efectivo','total',0,NULL,'2025-03-14 17:32:09.848392'),('fb0f416a-6d8d-4a35-8127-1e81203e71c4','Rafael Leyria','','[{\"producto_id\":\"prod-1\",\"cantidad\":1,\"precio_unitario\":\"1700.00\",\"subtotal\":\"1700.00\"}]','1700.00','efectivo','total',0,NULL,'2025-04-10 16:26:57.002853'),('fce9f354-da33-4144-8934-d1d2c1b6400c','Daniel Sargiotto','','[{\"producto_id\":\"prod-1\",\"cantidad\":36,\"precio_unitario\":\"1700.00\",\"subtotal\":\"61200.00\"},{\"producto_id\":\"prod-2\",\"cantidad\":7,\"precio_unitario\":\"1400.00\",\"subtotal\":\"9800.00\"}]','71000.00','efectivo','total',0,NULL,'2025-04-09 18:14:36.753343'),('fd67c956-90de-4bd3-98cc-dd20845e4816','Rafael Leyria','','[]','0.00','efectivo','total',0,NULL,'2025-04-10 16:12:49.372768');
/*!40000 ALTER TABLE `venta` ENABLE KEYS */;
UNLOCK TABLES;

--
-- Table structure for table `ventas_cerradas`
--

DROP TABLE IF EXISTS `ventas_cerradas`;
/*!40101 SET @saved_cs_client     = @@character_set_client */;
/*!50503 SET character_set_client = utf8mb4 */;
CREATE TABLE `ventas_cerradas` (
  `id` bigint unsigned NOT NULL AUTO_INCREMENT,
  `proceso_id` int DEFAULT NULL,
  `fecha_cierre` timestamp NOT NULL DEFAULT CURRENT_TIMESTAMP ON UPDATE CURRENT_TIMESTAMP,
  `total_venta` decimal(10,2) DEFAULT NULL,
  `comision_porcentaje` int DEFAULT NULL,
  `ganancia_repartidor` decimal(10,2) DEFAULT NULL,
  `ganancia_fabrica` decimal(10,2) DEFAULT NULL,
  `monto_efectivo` decimal(10,2) DEFAULT NULL,
  `monto_transferencia` decimal(10,2) DEFAULT NULL,
  `balance_fiado` decimal(10,2) DEFAULT NULL,
  `repartidor_id` int DEFAULT NULL,
  `observaciones` text COLLATE utf8mb4_general_ci,
  `created_at` timestamp NOT NULL DEFAULT CURRENT_TIMESTAMP,
  `estado` varchar(30) COLLATE utf8mb4_general_ci DEFAULT 'Rendicion final pendiente',
  PRIMARY KEY (`id`)
) ENGINE=InnoDB AUTO_INCREMENT=97 DEFAULT CHARSET=utf8mb4 COLLATE=utf8mb4_general_ci;
/*!40101 SET character_set_client = @saved_cs_client */;

--
-- Dumping data for table `ventas_cerradas`
--

LOCK TABLES `ventas_cerradas` WRITE;
/*!40000 ALTER TABLE `ventas_cerradas` DISABLE KEYS */;
INSERT INTO `ventas_cerradas` VALUES (42,55,'2025-04-17 23:05:29',45100.00,40,18040.00,27060.00,0.00,0.00,-45100.00,4,'Cierre de cuentas del 17/4/2025','2025-04-17 22:59:09','Finalizado'),(43,56,'2025-04-17 23:05:29',158000.00,40,63200.00,94800.00,0.00,0.00,-158000.00,4,'Cierre de cuentas del 17/4/2025','2025-04-17 22:59:12','Finalizado'),(44,57,'2025-04-17 23:05:29',31100.00,40,12440.00,18660.00,0.00,0.00,-31100.00,4,'Cierre de cuentas del 17/4/2025','2025-04-17 22:59:15','Finalizado'),(45,58,'2025-04-17 23:05:29',140700.00,40,56280.00,84420.00,0.00,0.00,-140700.00,4,'Cierre de cuentas del 17/4/2025','2025-04-17 22:59:17','Finalizado'),(46,59,'2025-04-17 23:05:29',157000.00,40,62800.00,94200.00,0.00,0.00,-157000.00,4,'Cierre de cuentas del 17/4/2025','2025-04-17 22:59:19','Finalizado'),(47,60,'2025-04-17 23:05:29',8800.00,40,3520.00,5280.00,0.00,0.00,-8800.00,4,'Cierre de cuentas del 17/4/2025','2025-04-17 22:59:21','Finalizado'),(48,61,'2025-04-17 23:05:29',143200.00,40,57280.00,85920.00,0.00,0.00,-143200.00,4,'Cierre de cuentas del 17/4/2025','2025-04-17 22:59:23','Finalizado'),(49,62,'2025-04-17 23:05:29',12200.00,40,4880.00,7320.00,0.00,0.00,-12200.00,4,'Cierre de cuentas del 17/4/2025','2025-04-17 22:59:26','Finalizado'),(50,63,'2025-04-17 23:05:29',169600.00,40,67840.00,101760.00,0.00,0.00,-169600.00,4,'Cierre de cuentas del 17/4/2025','2025-04-17 22:59:30','Finalizado'),(51,64,'2025-04-17 23:05:29',12200.00,40,4880.00,7320.00,0.00,0.00,-12200.00,4,'Cierre de cuentas del 17/4/2025','2025-04-17 22:59:32','Finalizado'),(52,65,'2025-04-17 23:05:29',90000.00,40,36000.00,54000.00,0.00,0.00,-90000.00,4,'Cierre de cuentas del 17/4/2025','2025-04-17 22:59:34','Finalizado'),(53,66,'2025-04-17 23:05:29',25700.00,40,10280.00,15420.00,0.00,0.00,-25700.00,4,'Cierre de cuentas del 17/4/2025','2025-04-17 22:59:37','Finalizado'),(54,67,'2025-04-17 23:05:29',108800.00,40,43520.00,65280.00,0.00,0.00,-108800.00,4,'Cierre de cuentas del 17/4/2025','2025-04-17 22:59:39','Finalizado'),(55,68,'2025-04-17 23:05:29',23700.00,40,9480.00,14220.00,0.00,0.00,-23700.00,4,'Cierre de cuentas del 17/4/2025','2025-04-17 22:59:41','Finalizado'),(56,69,'2025-04-23 19:30:56',98800.00,0,0.00,98800.00,77650.00,15750.00,-5400.00,3,'','2025-04-23 19:30:56','Rendicion final pendiente'),(57,70,'2025-04-23 19:45:47',139900.00,0,0.00,139900.00,92100.00,13600.00,-34200.00,3,'','2025-04-23 19:45:47','Rendicion final pendiente'),(58,71,'2025-04-23 19:47:10',56650.00,0,0.00,56650.00,30050.00,19800.00,-6800.00,3,'','2025-04-23 19:47:10','Rendicion final pendiente'),(59,72,'2025-04-23 19:48:36',168400.00,0,0.00,168400.00,86500.00,19700.00,-62200.00,3,'','2025-04-23 19:48:36','Rendicion final pendiente'),(60,73,'2025-04-23 19:49:38',108600.00,0,0.00,108600.00,78500.00,32800.00,2700.00,3,'','2025-04-23 19:49:38','Rendicion final pendiente'),(61,74,'2025-04-23 19:50:27',121600.00,0,0.00,121600.00,94300.00,27300.00,0.00,3,'','2025-04-23 19:50:27','Rendicion final pendiente'),(62,75,'2025-04-23 19:51:12',89850.00,0,0.00,89850.00,59250.00,20400.00,-10200.00,3,'','2025-04-23 19:51:12','Rendicion final pendiente'),(63,76,'2025-04-23 19:52:11',147200.00,0,0.00,147200.00,67950.00,21750.00,-57500.00,3,'','2025-04-23 19:52:11','Rendicion final pendiente'),(64,77,'2025-04-23 19:57:06',134100.00,0,0.00,134100.00,88950.00,39450.00,-5700.00,3,'','2025-04-23 19:57:06','Rendicion final pendiente'),(65,79,'2025-04-23 19:59:08',146600.00,0,0.00,146600.00,120550.00,3400.00,-22650.00,3,'','2025-04-23 19:59:08','Rendicion final pendiente'),(66,80,'2025-04-23 19:59:55',174250.00,0,0.00,174250.00,107750.00,25800.00,-40700.00,3,'','2025-04-23 19:59:55','Rendicion final pendiente'),(67,81,'2025-04-23 20:25:52',123750.00,0,0.00,123750.00,91050.00,12900.00,-19800.00,3,'','2025-04-23 20:25:52','Rendicion final pendiente'),(68,83,'2025-04-23 20:44:39',16900.00,40,6760.00,10140.00,0.00,0.00,-16900.00,4,'Cierre de cuentas del 23/4/2025','2025-04-23 20:40:09','Finalizado'),(69,84,'2025-04-23 20:44:39',208400.00,40,83360.00,125040.00,0.00,0.00,-208400.00,4,'Cierre de cuentas del 23/4/2025','2025-04-23 20:42:20','Finalizado'),(70,54,'2025-04-24 22:39:45',202400.00,40,80960.00,121440.00,0.00,0.00,-202400.00,4,'3 cajones sin envases','2025-04-24 20:32:15','Finalizado'),(71,99,'2025-04-24 22:34:12',102000.00,40,40800.00,61200.00,0.00,0.00,-102000.00,4,'3 cajones sin envases','2025-04-24 22:31:06','Finalizado'),(72,101,'2025-04-24 22:34:12',28500.00,40,11400.00,17100.00,0.00,0.00,-28500.00,4,'3 cajones sin envases','2025-04-24 22:31:30','Finalizado'),(73,102,'2025-04-24 22:34:12',6800.00,40,2720.00,4080.00,0.00,0.00,-6800.00,4,'3 cajones sin envases','2025-04-24 22:31:37','Finalizado'),(74,98,'2025-04-24 22:46:32',278000.00,0,0.00,278000.00,0.00,43200.00,-234800.00,2,'','2025-04-24 22:46:32','Rendicion final pendiente'),(75,100,'2025-04-24 23:01:25',222000.00,0,0.00,222000.00,174500.00,21600.00,-25900.00,2,'','2025-04-24 23:01:25','Rendicion final pendiente'),(76,103,'2025-04-25 22:41:50',347800.00,0,0.00,347800.00,248000.00,38300.00,-61500.00,2,'','2025-04-25 22:41:50','Rendicion final pendiente'),(77,104,'2025-04-25 22:42:13',19000.00,0,0.00,19000.00,0.00,0.00,-19000.00,2,'','2025-04-25 22:42:13','Rendicion final pendiente'),(78,82,'2025-04-26 16:59:34',122750.00,0,0.00,122750.00,110000.00,16700.00,3950.00,3,'','2025-04-26 16:59:34','Rendicion final pendiente'),(79,105,'2025-04-26 17:05:01',124000.00,0,0.00,124000.00,82500.00,12500.00,-29000.00,3,'','2025-04-26 17:05:01','Rendicion final pendiente'),(80,106,'2025-04-28 19:04:28',231100.00,0,0.00,231100.00,195000.00,37400.00,1300.00,2,'','2025-04-28 19:04:28','Rendicion final pendiente'),(81,108,'2025-04-28 19:15:56',118400.00,0,0.00,118400.00,56500.00,42800.00,-19100.00,2,'','2025-04-28 19:15:56','Rendicion final pendiente'),(82,109,'2025-04-28 22:37:54',202750.00,0,0.00,202750.00,108000.00,27500.00,-67250.00,3,'','2025-04-28 22:37:54','Rendicion final pendiente'),(83,110,'2025-04-30 22:47:14',139350.00,0,0.00,139350.00,80000.00,42150.00,-17200.00,3,'','2025-04-30 22:47:14','Rendicion final pendiente'),(84,111,'2025-04-30 22:54:55',157400.00,0,0.00,157400.00,100000.00,21600.00,-35800.00,3,'','2025-04-30 22:54:55','Rendicion final pendiente'),(85,112,'2025-05-01 00:05:13',280600.00,0,0.00,280600.00,175000.00,111800.00,6200.00,2,'','2025-05-01 00:05:13','Rendicion final pendiente'),(86,114,'2025-05-02 18:44:20',337100.00,0,0.00,337100.00,170600.00,33400.00,-133100.00,2,'','2025-05-02 18:44:20','Rendicion final pendiente'),(87,115,'2025-05-02 21:59:14',193400.00,40,77360.00,116040.00,0.00,0.00,-193400.00,4,'Cierre de cuentas del 2/5/2025','2025-05-02 21:52:42','Finalizado'),(88,116,'2025-05-02 21:59:14',50100.00,40,20040.00,30060.00,0.00,0.00,-50100.00,4,'Cierre de cuentas del 2/5/2025','2025-05-02 21:52:46','Finalizado'),(89,117,'2025-05-02 21:59:14',28500.00,40,11400.00,17100.00,0.00,0.00,-28500.00,4,'Cierre de cuentas del 2/5/2025','2025-05-02 21:52:52','Finalizado'),(90,118,'2025-05-02 21:59:14',3400.00,40,1360.00,2040.00,0.00,0.00,-3400.00,4,'Cierre de cuentas del 2/5/2025','2025-05-02 21:53:03','Finalizado'),(91,119,'2025-05-02 21:59:14',139100.00,40,55640.00,83460.00,0.00,0.00,-139100.00,4,'Cierre de cuentas del 2/5/2025','2025-05-02 21:53:10','Finalizado'),(92,120,'2025-05-02 23:46:29',340700.00,0,0.00,340700.00,303800.00,122600.00,85700.00,2,'','2025-05-02 23:46:29','Rendicion final pendiente'),(93,121,'2025-05-03 15:08:24',50300.00,0,0.00,50300.00,15000.00,13450.00,-21850.00,3,'','2025-05-03 15:08:24','Rendicion final pendiente'),(94,122,'2025-05-03 19:44:17',269200.00,0,0.00,269200.00,217300.00,40500.00,-11400.00,2,'','2025-05-03 19:44:17','Rendicion final pendiente'),(95,124,'2025-05-05 22:30:56',206500.00,0,0.00,206500.00,92000.00,42900.00,-71600.00,2,'','2025-05-05 22:30:56','Rendicion final pendiente'),(96,123,'2025-05-05 22:58:26',149600.00,0,0.00,149600.00,83000.00,43750.00,-22850.00,3,'','2025-05-05 22:58:26','Rendicion final pendiente');
/*!40000 ALTER TABLE `ventas_cerradas` ENABLE KEYS */;
UNLOCK TABLES;

--
-- Table structure for table `zonas`
--

DROP TABLE IF EXISTS `zonas`;
/*!40101 SET @saved_cs_client     = @@character_set_client */;
/*!50503 SET character_set_client = utf8mb4 */;
CREATE TABLE `zonas` (
  `id` int NOT NULL AUTO_INCREMENT,
  `nombre` varchar(100) COLLATE utf8mb4_general_ci NOT NULL,
  PRIMARY KEY (`id`),
  UNIQUE KEY `nombre` (`nombre`)
) ENGINE=InnoDB AUTO_INCREMENT=65 DEFAULT CHARSET=utf8mb4 COLLATE=utf8mb4_general_ci;
/*!40101 SET character_set_client = @saved_cs_client */;

--
-- Dumping data for table `zonas`
--

LOCK TABLES `zonas` WRITE;
/*!40000 ALTER TABLE `zonas` DISABLE KEYS */;
INSERT INTO `zonas` VALUES (1,'11 de noviembre'),(2,'Abilene'),(3,'Alberdi'),(4,'Alberdi Norte'),(5,'Alto Privado Norte'),(6,'Banda Norte'),(7,'Barrios Unidos'),(8,'Bimaco'),(9,'Buena Vista'),(10,'Casanovas'),(11,'Castelli 1'),(12,'Castelli 2'),(13,'Centro'),(14,'Cispen 1'),(15,'Cispen 2'),(16,'Ciudad Nueva'),(18,'Dr. Carlos A Mayer'),(19,'El Reparo'),(20,'Ex Cuarteles'),(21,'Fénix'),(22,'General Paz'),(23,'General Roca'),(24,'Golf'),(25,'Güemes'),(26,'Indio Felipe Rosas'),(27,'Ing Manuel Pizzarro'),(28,'Intendente Mojica'),(29,'Jardín'),(30,'Jardín del Sol'),(31,'Jardín Norte'),(32,'José Antonio y José Mario Cabral'),(33,'Juan Martin de Pueyrredón'),(34,'La Agustina'),(35,'Las Delicias'),(36,'Las Ferias'),(37,'Las Quintas'),(38,'Leandro N Alem'),(39,'Lomitas de Oro'),(40,'Macrocentro'),(41,'Microcentro'),(42,'Nueva Argentina'),(43,'Padre Mugica'),(44,'Paraíso'),(45,'Peirano'),(46,'Pizarro'),(47,'Quintitas Golf'),(48,'Riverside'),(49,'Roque Sáenz Peña'),(50,'San Antonio de Padua'),(51,'San Eduardo'),(17,'San Esteban'),(52,'San José de Calasanz'),(53,'San Martín'),(54,'San Pablo'),(55,'Santa Rosa'),(56,'Santa Teodora'),(57,'Siempre Verde'),(58,'Tiro Federal'),(59,'Valacco'),(60,'Villa Dalcar'),(61,'Villa Golf'),(62,'Yapeyú');
/*!40000 ALTER TABLE `zonas` ENABLE KEYS */;
UNLOCK TABLES;

--
-- Dumping routines for database 'soderia'
--
/*!40103 SET TIME_ZONE=@OLD_TIME_ZONE */;

/*!40101 SET SQL_MODE=@OLD_SQL_MODE */;
/*!40014 SET FOREIGN_KEY_CHECKS=@OLD_FOREIGN_KEY_CHECKS */;
/*!40014 SET UNIQUE_CHECKS=@OLD_UNIQUE_CHECKS */;
/*!40101 SET CHARACTER_SET_CLIENT=@OLD_CHARACTER_SET_CLIENT */;
/*!40101 SET CHARACTER_SET_RESULTS=@OLD_CHARACTER_SET_RESULTS */;
/*!40101 SET COLLATION_CONNECTION=@OLD_COLLATION_CONNECTION */;
/*!40111 SET SQL_NOTES=@OLD_SQL_NOTES */;

-- Dump completed on 2025-05-05 22:42:05
